rule_name;rule_type;surface;breakability_u200b;score;description;expression;defined_in;defined_at_line
UNCLAIMED_MONEY;body;body;likely;2.699 2.699 2.699 2.427;People just leave money laying around;/\bunclaimed\s(?:assets?|accounts?|mon(?:ey|ies)|balance|funds?|prizes?|rewards?|payments?|deposits?)\b/i;/var/lib/spamassassin/4.000001/updates_spamassassin_org/20_phrases.cf;148
TVD_PH_SEC;body;body;likely;0.1;Message includes a phrase commonly used in phishing mails;/\byour .{0,40}account .{0,40}security/i;/var/lib/spamassassin/4.000001/updates_spamassassin_org/72_active.cf;4648
TVD_PH_REC;body;body;likely;0.1;Message includes a phrase commonly used in phishing mails;/\byour .{0,40}account .{0,40}record/i;/var/lib/spamassassin/4.000001/updates_spamassassin_org/72_active.cf;4642
__YOU_WON_03;body;body;likely;;;/\b(?:your?|win+ing|win+ers?|beneficiaries|participants?|individuals?|address(?:es)?|accounts?|emails?)(?:\s[-a-z\s]{4,40})?\s(?:w(?:ere|as)|ha(?:ve|s) be(?:en)?)\s(?:automatically\s)?(?:(?:randomly|raffly)\s(?:selected|cho+sen|cho+sing|picked)|(?:selected|cho+sen|cho+sing|picked)\s(?:[a-z\s]{2,40}?\srandom(?:ly)?|online|lottery|computer\s(?:ballot|wahlgang))|(?:selected|cho+sen|cho+sing|picked)(?:\sas?|\sthe){0,3}\swin+er)/i;/var/lib/spamassassin/4.000001/updates_spamassassin_org/72_active.cf;10653
__WEBMAIL_ACCT;body;body;likely;;;/\byour web ?mail account/i;/var/lib/spamassassin/4.000001/updates_spamassassin_org/72_active.cf;10468
__URI_TRY_3LD;uri;body;likely;;;m,^https?://(?:try(?!r\.codeschool)|start|get(?!\.adobe)|save|check(?!out)|act(?!ion)|compare|join(?!\.slack)|learn(?!ing)|request|visit(?!or|\.vermont)|my(?!sub|turbotax|news\.apple|a\.godaddy|account|support|build|blob|images?|photos?|chart)\w)[^.]*\.(?:(?!list-manage|lt|adobe\.)[^/.]+\.)+(?:com|net)\b,i;/var/lib/spamassassin/4.000001/updates_spamassassin_org/72_active.cf;10405
__TVD_PH_BODY_08;body;body;likely;;;/\bmultiple password failures/i;/var/lib/spamassassin/4.000001/updates_spamassassin_org/72_active.cf;10125
__TVD_PH_BODY_07;body;body;likely;;;/\bguarantee the safety of your (?:[a-z_,-]+ )*?account/i;/var/lib/spamassassin/4.000001/updates_spamassassin_org/72_active.cf;10123
__TVD_PH_BODY_04;body;body;likely;;;/\bfunds? (?!transfer from)(?!from)(?!in)(?!via)(?:[a-z_,-]+ )+?to your (?:[a-z_,-]+ )*?account/i;/var/lib/spamassassin/4.000001/updates_spamassassin_org/72_active.cf;10117
__TVD_PH_BODY_01;body;body;likely;;;/\baccount .{0,20}placed? [io]n restricted status/i;/var/lib/spamassassin/4.000001/updates_spamassassin_org/72_active.cf;10111
__SHARE_IT;body;body;likely;;;/\b(?:(?:share|allocate|teilen|parteger(?:ez|ons)?|partage)\s(?:th(?:e|is)|das|les?|des)\s(?:proceeds|funds?|money|balance|account|geld|compte|fonds)|partager(?:ez|ons)? (?:avec (?:vous|moi)|ratio|suivant un pourcentage))\b/i;/var/lib/spamassassin/4.000001/updates_spamassassin_org/72_active.cf;9803
__PCT_FOR_YOU_3;body;body;likely;;;/\byour?\s(?!can)(?:(?!you)\w{1,15}\s){0,10}(?:(?:share|entiti?le(?:d|ment)?|percentage|fee|assist(?:ance)?|comp[ea]nsat(?:ed?|tion)|reward(?:ed)?|renumerat(?:e|tion)|com+is+ion|paid|deduct|account|tage|(?:will|shall|would|(?:are|stand|going)\sto)\s(?:be\s)?(?:tak(?:e|ing)|earn|get(?:ting)?|remit|subtract|with+old)|(?:deduct|taken?|subtract(?:ed)?)\syour|keep(?:ing)?|receiv(?:e|ing)|retain(?:ing)?|have|half|giv(?:en|ing)|paid|(?:give|pay|offer)\s(?:me|you|him)|bank\saccount|to\s(?:take|use)|(?:time|country)\sand|ratio\sof)(?:\s(?!you)\w{1,15}){0,10})\s(?<!by\s)(?<!up\sto\s)<PERCENT>/i;/var/lib/spamassassin/4.000001/updates_spamassassin_org/72_active.cf;9298
__PASSWORD_UPGRADE;body;body;likely;;;/\bpassword upgrade\b/i;/var/lib/spamassassin/4.000001/updates_spamassassin_org/72_active.cf;9251
__PASSWORD_EXP_CLUMSY;body;body;likely;;;/\bpassword is due for expiration yesterday\b/i;/var/lib/spamassassin/4.000001/updates_spamassassin_org/72_active.cf;9249
__MOVE_MONEY;body;body;likely;;;/\b(?:(?:receive|re-?profile|transfer(?:ring|ir|t)?|release|repatriat(?:e|ion)|rapatrier|secure|r(?:e|=E9|[\xe9]|[\xc3][\xa9])clamation|possession|virer|dona(?:te|r)|depositante|dep[\xc3][\xb3]sito)\s(?:th(?:e(?:se)?|is)|d[ae]s|sur ce|de ce[st]|cet|est[eao]s?|del?)|re-?profiling|receive|re-?locat(?:e|ing)(?:\s\w{1,15})?)\s(?:of\s|your\s|the\s){0,2}(?:sums?\sof\s|inheritance\s)?(?:proceeds|funds?|money|balance|account|g[eo]ld|compte|fond[so]{1,2}|dinero|argent)\b/i;/var/lib/spamassassin/4.000001/updates_spamassassin_org/72_active.cf;9054
__MAIL_ACCT_ACCESS2;body;body;likely;;;/\blo+se ac+es+ to your (?:web|e-?)?mail ?(?:account|log-?in|box|address)\b/i;/var/lib/spamassassin/4.000001/updates_spamassassin_org/72_active.cf;8908
__MAIL_ACCT_ACCESS1;body;body;likely;;;/\b(?:your (?:web ?|e-?)?mail (?:account|log-?in) (?:has )?been accessed|r(?:=F3|[\xf3])zne komputery zalogowaniu sie)\b/i;/var/lib/spamassassin/4.000001/updates_spamassassin_org/72_active.cf;8906
__MAILBOX_FULL;body;body;likely;;;/\b(?:you(?:r (?:mail\s?box|(?:e-?|web ?)mail))? (?:is (?:almost )?full|quota is running low|(?:quota )?ha(?:s|ve) (?:reached|exceeded|passed) (?:the|your|it'?s?) (?:university )?(?:size|storage|set|(?:e-?|web ?)mail|quota|folder|mail ?box)[\/\s](?:limit |quota |account )+)|over your mail\s?box (?:size )?(?:limit|quota)|maximum mail\s?box (?:size )?(?:limit|quota) exceeded|sua (?:conta|caixa) de (?:(?:e-?|web ?)mail|correio) (?:excedeu (?:sua|o) limite|est(?:=E1|[\xe1]|[\xc3][\xa1]) quase cheio))\b/i;/var/lib/spamassassin/4.000001/updates_spamassassin_org/72_active.cf;8900
__LOCK_MAILBOX;body;body;likely;;;"/\b(?:(?:deactivate|lock(?: up)?|lose ac+ess to|los[se] (?:of )?(?:important )?(?:information|mail|messages) in) (?:your )?(?:mail\s?box|(?:web ?|e-?)mail)|your (?:mail\s?box|(?:(?:web ?|e-?)mail)(?: account)?) (?:(?:will|may) be(?:come)? )?(?:in-?a(?:ctive|cess[ia]ble)|locked|disabled|deleted|removed)\b|ditt konto vara ""?deaktiverad""?|begr(?:=E4|\xe4|[\xc3][\xa4])nsad tillg(?:=E5|[\xe5]|[\xc3][\xa5])ng till din brevl(?:=E5|[\xe5]|[\xc3][\xa5])da|contas? de (?:web ?|e-?)mail (?:ser(?:=E1|[\xe1]|[\xc3][\xa1]) (?:desativado|exclu(?:=ED|[\xed]|[\xc3][\xad])do)|(?:=E9|[\xe9]|[\xc3][\xa9]) exclu(?:=ED|[\xed]|[\xc3][\xad])do)|destruir a sua caixa de (?:correio|entrada)|tw(?:=F3|[\xf3])j konto zostalo ograniczone|straci swoje e-?mail na sta[\xc5][\x82]e|konto zostanie automatycznie wy[\xc5][\x82][\xc4][\x85]czona|e-?mail account[^.]{0,30}deactivated (?:in|from) our (?:database|system|server)|you will be deactivated|(?:account|e?-?mail(?: ?box)?) (?:will (?:be )?)?(?:shut ?down|expire|deactivate)|we have (?:stopped|suspended) (?:processing|accepting) (?:any )?(?:incoming|new|fresh) email)/i";/var/lib/spamassassin/4.000001/updates_spamassassin_org/72_active.cf;8780
__HK_SCAM_S15;body;body;likely;;;/(?:discovered a dormant account|can you be my partner)/i;/var/lib/spamassassin/4.000001/updates_spamassassin_org/72_active.cf;8496
__HK_SCAM_N15;body;body;likely;;;/\b(?:account (?:overseas?|offshore)|(?:overseas?|offshore) account)\b/i;/var/lib/spamassassin/4.000001/updates_spamassassin_org/72_active.cf;8484
__FRAUD_TCC;body;body;likely;;;/foreign (?:offshore )?(?:bank|account)/i;/var/lib/spamassassin/4.000001/updates_spamassassin_org/20_advance_fee.cf;76
__FRAUD_JNB;body;body;likely;;;/\boperat(?:e|ing)\b[^.]{0,99}\b(?:for(?:ei|ie)gn|off-? ?shore|over-? ?seas?) (?:bank )?accounts?\b/i;/var/lib/spamassassin/4.000001/updates_spamassassin_org/20_advance_fee.cf;64
__FRAUD_JBU;body;body;likely;;;/\bforeign account\b/i;/var/lib/spamassassin/4.000001/updates_spamassassin_org/20_advance_fee.cf;57
__DORMANT_ACCT;body;body;likely;;;/\b(?:(?:dormant|abandoned|left\s?over)\s(?:account|fund|transaction|sum|deposit)|fonds\sdorment)/i;/var/lib/spamassassin/4.000001/updates_spamassassin_org/72_active.cf;7591
__BOUNCE_ETRUST;body;body;likely;;;/^eTrust Secure Content Manager SMTPMAIL could not deliver the e-mail /;/var/lib/spamassassin/4.000001/updates_spamassassin_org/20_vbounce.cf;127
__ACCOUNT_UPGRADE;body;body;likely;;;/\b(?:upgrade (?:of )your (?:account|access)|your (?:access|account) is[\w\s]{0,40}being upgraded|Weiter zur Aktualisierung)\b/i;/var/lib/spamassassin/4.000001/updates_spamassassin_org/72_active.cf;7164
__ACCOUNT_SECURE;body;body;likely;;;"/\b(?:make your (?:""?[^\@\s]+\@\S+""? |e-?mail )?account more secure|Ihre Kreditkarte weist einige Sicherheitsprobleme)\b/i";/var/lib/spamassassin/4.000001/updates_spamassassin_org/72_active.cf;7162
__ACCOUNT_REACTIV;body;body;likely;;;/(?:(?:account|access) (?:has been )?(?:successfully )?(?:reviewed and )?re-?(?:activat(?:ion|ed)|new(?:al|ed))|(?:unlock|re-?activate|restore|recover) (?:your|the|this) (?:account|access))/i;/var/lib/spamassassin/4.000001/updates_spamassassin_org/72_active.cf;7160
__ACCOUNT_ERROR;body;body;likely;;;/\b(?:your account (?:is|appears to be) (?:incorrect|missing|in error|invalid))\b/i;/var/lib/spamassassin/4.000001/updates_spamassassin_org/72_active.cf;7158
__ACCOUNT_DISRUPT;body;body;likely;;;/\b(?:ensure (?:that )?your (?:account|access) is not (?:disrupted|suspended|interrupted)|(?:avoid|incoming) (?:[a-z]+ ){0,5}e?-?mails? (?:from )?being rejected|avoid (?:account|e?-?mail(?: ?box)? )?(?:shut ?down|suspension|locking|termination|expiration)|will terminate (?:your|its) service)\b/i;/var/lib/spamassassin/4.000001/updates_spamassassin_org/72_active.cf;7155
__ACCESS_SUSPENDED;body;body;likely;;;/\b(?:(?:access|account|e?-?mails) (?:suspension|(?:has|have) (?:been )?(?:temporar(?:il)?y (?:been )?)?(?:suspended|blocked|locked|blacklisted))|suspend (?:you from|your) access(?:ing)?|suspen(?:sion|se|ded) noti(?:ce|fication))\b/i;/var/lib/spamassassin/4.000001/updates_spamassassin_org/72_active.cf;7152
__ACCESS_REVOKE;body;body;likely;;;/(?:(?:temporary|permanent) (?:de-?activation|removal) of your (?:\w{1,30} )?(?:access|account)|Ihre Kreditkarte wird gesperrt)/i;/var/lib/spamassassin/4.000001/updates_spamassassin_org/72_active.cf;7150
REPLICA_WATCH;body;body;likely;3.487 3.164 4.074 3.775;Message talks about a replica watch;/\breplica.{1,20}rolex/i;/var/lib/spamassassin/4.000001/updates_spamassassin_org/20_phrases.cf;187
DEAR_WINNER;body;body;likely;3.099 3.099 2.309 3.099 # n=2;"Spam with generic salutation of ""dear winner""";/\bdear.{1,20}winner/i;/var/lib/spamassassin/4.000001/updates_spamassassin_org/72_active.cf;871
DEAR_BENEFICIARY;body;body;likely;2.999 2.523 2.999 2.523;Dear Beneficiary:;/\b(?:De[ae]r\s|At+(?:ention|n):?\s?)(?:\S+\s)?Ben[ei]ficiary\b/i;/var/lib/spamassassin/4.000001/updates_spamassassin_org/72_active.cf;865
DRUG_ED_CAPS;body;body;likely;2.799 1.023 2.516 0.936;Mentions an E.D. drug;/\b(?:CIALIS|LEVITRA|VIAGRA)/;/var/lib/spamassassin/4.000001/updates_spamassassin_org/20_drugs.cf;65
FREE_QUOTE_INSTANT;body;body;likely;2.700 2.699 2.699 1.297 # n=2;Free express or no-obligation quote;/free.{0,12}(?:(?:instant|express|online|no.?obligation).{0,4})+.{0,32}\bquote/i;/var/lib/spamassassin/4.000001/updates_spamassassin_org/20_phrases.cf;108
TVD_QUAL_MEDS;body;body;likely;2.697 2.397 2.799 2.483 # n=2;"The body matches phrases such as ""quality meds"" or ""quality medication""";/\bquality med(?:ication)?s\b/i;/var/lib/spamassassin/4.000001/updates_spamassassin_org/72_active.cf;4659
DEAR_FRIEND;body;body;likely;2.683 2.604 1.801 2.577;Dear Friend? That's not very dear!;/^\s*Dear Friend\b/i;/var/lib/spamassassin/4.000001/updates_spamassassin_org/20_phrases.cf;45
NO_MEDICAL;body;body;likely;2.199 1.254 2.199 1.773 # n=0;No Medical Exams;/\bno medical exam/i;/var/lib/spamassassin/4.000001/updates_spamassassin_org/20_phrases.cf;121
MILLION_USD;body;body;likely;1.999 1.997 1.999 1.997;Talks about millions of dollars;/Million\b.{0,40}\b(?:United States? Dollars?|USD)/i;/var/lib/spamassassin/4.000001/updates_spamassassin_org/72_active.cf;2852
ONE_TIME;body;body;likely;1.840 1.175 1.830 0.714 # n=0;One Time Rip Off;/\bone\W+time (?:charge|investment|offer|promotion)/i;/var/lib/spamassassin/4.000001/updates_spamassassin_org/20_phrases.cf;136
IMPOTENCE;body;body;likely;1.539 2.144 3.028 1.374;Impotence cure;/\b(?:impotence (?:problem|cure|solution)|Premature Ejaculation|erectile dysfunction)/i;/var/lib/spamassassin/4.000001/updates_spamassassin_org/20_phrases.cf;80
TVD_INCREASE_SIZE;body;body;likely;1.529 0.601 1.055 0.001 # n=1;Advertising for penis enlargement;/\bsize of .{1,20}(?:penis|dick|manhood)/i;/var/lib/spamassassin/4.000001/updates_spamassassin_org/72_active.cf;4624
NA_DOLLARS;body;body;likely;1.499 1.498 1.499 1.498;Talks about a million North American dollars;/\b(?:\d{1,3})?Million\b.{0,40}\b(?:Canadian Dollar?s?|US\$|U\.? ?S\.? Dollar)/i;/var/lib/spamassassin/4.000001/updates_spamassassin_org/72_active.cf;3100
GB_HASHBL_BTC;body;body;likely;1.000 4.329 1.000 4.329;Message contains BTC address found on BTCBL;eval:check_hashbl_bodyre('bl.btcblack.it', 'raw/max=10/shuffle/replace', '\b(?<!=)([13][a-km-zA-HJ-NP-Z1-9]{25,34}|bc<N1>[acdefghjklmnpqrstuvwxyz23456789<N0>]{30,62})\b');/var/lib/spamassassin/4.000001/updates_spamassassin_org/72_active.cf;2053
BANG_GUAR;body;body;likely;1.0;Something is emphatically guaranteed;/\bguaranteed?\!/i;/var/lib/spamassassin/4.000001/updates_spamassassin_org/20_phrases.cf;165
BODY_ENHANCEMENT;body;body;likely;0.927 1.611 0.974 0.001;Information on growing body parts;/\b(?:enlarge|increase|grow|lengthen|larger\b|bigger\b|longer\b|thicker\b|\binches\b).{0,50}\b(?:penis|male organ|pee[ -]?pee|dick|sc?hlong|wh?anger|breast(?!\s+cancer))/i;/var/lib/spamassassin/4.000001/updates_spamassassin_org/20_phrases.cf;74
ONLINE_PHARMACY;body;body;likely;0.843 2.371 0.008 0.650;Online Pharmacy;/\bonline pharmacy|\b(?:drugs|medications) online/i;/var/lib/spamassassin/4.000001/updates_spamassassin_org/20_drugs.cf;78
