rule;baseline_occurrences;lost_in_any_variant;lost_in_all_variants;lost_rate_any_variant;lost_rate_all_variants
ENGLISH_UCE_SUBJECT;10;10;10;1.0;1.0
CTE_8BIT_MISMATCH;5;5;5;1.0;1.0
PP_MIME_FAKE_ASCII_TEXT;3;3;3;1.0;1.0
T_MONEY_PERCENT	autolearn=disabled;1;1;1;1.0;1.0
THIS_AD	autolearn=disabled;1;1;1;1.0;1.0
RDNS_NONE	autolearn=disabled;1;1;1;1.0;1.0
MIME_BASE64_TEXT;1;1;1;1.0;1.0
FSL_CTYPE_WIN1251;1;1;1;1.0;1.0
ADVANCE_FEE_4_NEW_MONEY;1;1;1;1.0;1.0
BAYES_95;2;2;1;1.0;0.5
TO_NO_BRKTS_MSFT	autolearn=disabled;4;3;3;0.75;0.75
XPRIO;7;5;5;0.714286;0.714286
GUARANTEED_100_PERCENT;5;3;3;0.6;0.6
URG_BIZ	autolearn=disabled;4;2;2;0.5;0.5
KHOP_HELO_FCRDNS	autolearn=disabled;2;1;1;0.5;0.5
BANG_GUAR;10;4;4;0.4;0.4
EXCUSE_REMOVE;5;2;2;0.4;0.4
TO_NO_BRKTS_MSFT;11;4;4;0.363636;0.363636
T_FILL_THIS_FORM_SHORT	autolearn=disabled;3;1;1;0.333333;0.333333
TO_NO_BRKTS_DYNIP;3;1;1;0.333333;0.333333
BAYES_80;6;2;0;0.333333;0.0
MIME_QP_LONG_LINE;7;2;2;0.285714;0.285714
URG_BIZ;6;1;1;0.166667;0.166667
ADVANCE_FEE_5_NEW_MONEY;13;2;2;0.153846;0.153846
MONEY_FRAUD_8;7;1;1;0.142857;0.142857
DEAR_SOMETHING;11;1;1;0.090909;0.090909
RDNS_DYNAMIC;12;1;1;0.083333;0.083333
END_FUTURE_EMAILS;14;1;1;0.071429;0.071429
MSOE_MID_WRONG_CASE;24;1;1;0.041667;0.041667
RDNS_NONE;62;2;2;0.032258;0.032258
BAYES_999;139;1;0;0.007194;0.0
BAYES_99;140;1;1;0.007143;0.007143
