message_id,strict_has_trigger,extended_has_trigger,broad_has_trigger,strict_subject_count,strict_body_count,extended_subject_count,extended_body_count,broad_subject_count,broad_body_count,is_candidate_strict,is_candidate_extended,is_candidate_broad
00001.7848dde101aa985090474a91ec93fcf0,False,True,True,0,0,1,0,1,0,False,True,True
00002.9438920e9a55591b18e60d1ed37d992b,False,False,True,0,0,0,0,1,0,False,False,True
00003.590eff932f8704d8b0fcbe69d023b54d,False,False,False,0,0,0,0,0,0,False,False,False
00004.bdcc075fa4beb5157b5dd6cd41d8887b,False,False,False,0,0,0,0,0,0,False,False,False
00005.ed0aba4d386c5e62bc737cf3f0ed9589,False,False,True,0,0,0,0,1,0,False,False,True
00006.3ca1f399ccda5d897fecb8c57669a283,False,False,False,0,0,0,0,0,0,False,False,False
00007.acefeee792b5298f8fee175f9f65c453,False,True,True,0,0,0,2,0,5,False,True,True
00007.d8521faf753ff9ee989122f6816f87d7,False,True,True,0,0,0,1,1,9,False,True,True
00008.dfd941deb10f5eed78b1594b131c9266,False,False,False,0,0,0,0,0,0,False,False,False
00010.2558d935f6439cb40d3acb8b8569aa9b,False,False,False,0,0,0,0,0,0,False,False,False
00010.445affef4c70feec58f9198cfbc22997,False,False,False,0,0,0,0,0,0,False,False,False
00012.381e4f512915109ba1e0853a7a8407b2,False,False,False,0,0,0,0,0,0,False,False,False
00013.372ec9dc663418ca71f7d880a76f117a,False,True,True,0,0,0,4,0,12,False,True,True
00014.7d38c46424f24fc8012ac15a95a2ac14,False,False,True,0,0,0,0,1,0,False,False,True
00015.048434ab64c86cf890eda1326a5643f5,False,False,False,0,0,0,0,0,0,False,False,False
00017.1a938ecddd047b93cbd7ed92c241e6d1,False,True,True,0,0,0,1,0,9,False,True,True
00017.6430f3b8dedf51ba3c3fcb9304e722e7,False,True,True,0,0,1,3,2,13,False,True,True
00018.336cb9e7b0358594cf002e7bf669eaf5,False,False,True,0,0,0,0,0,5,False,False,True
00024.6b5437b14d403176c3f046c871b5b52f,False,True,True,0,0,0,5,0,12,False,True,True
00025.619ab8051359048795e3cd09e82ad1a0,False,False,True,0,0,0,0,1,0,False,False,True
00027.b7b61e4624a29097cf55b578089c6110,False,False,False,0,0,0,0,0,0,False,False,False
00028.ace98eff213f4e6314b5571aece625e1,False,False,False,0,0,0,0,0,0,False,False,False
00029.de865ad8d5ad0df985ae2f72388befba,False,True,True,0,0,1,0,1,0,False,True,True
00030.0c9cdd9d4025bd55dac02719ec8d29dc,False,False,False,0,0,0,0,0,0,False,False,False
00030.b360f27c098b3ab5cff96433e7963d4a,False,False,True,0,0,0,0,1,2,False,False,True
00031.a78bb452b3a7376202b5e62a81530449,False,False,True,0,0,0,0,0,18,False,False,True
00034.cac95512308c52cfba33258e46feff97,False,True,True,0,0,0,4,0,20,False,True,True
00035.7ce3307b56dd90453027a6630179282e,False,False,False,0,0,0,0,0,0,False,False,False
00035.bd7183c238b884a153ad4888fbee9bf6,False,False,True,0,0,0,0,0,15,False,False,True
00036.256602e2cb5a5b373bdd1fb631d9f452,False,False,True,0,0,0,0,1,0,False,False,True
00036.5b5e714c8d5b1050a392e55c42070f2c,False,False,True,0,0,0,0,0,15,False,False,True
00037.21cc985cc36d931916863aed24de8c27,False,True,True,0,0,1,0,2,0,False,True,True
00038.906d76babc3d78d6294c71b1b52d4d7f,False,False,True,0,0,0,0,1,3,False,False,True
00039.889d785885f092c269741b11f2124dce,False,False,False,0,0,0,0,0,0,False,False,False
00040.949a3d300eadb91d8745f1c1dab51133,False,True,True,0,0,0,4,0,8,False,True,True
00041.f1b3402799046db3c1f143a911dc085d,False,True,True,0,0,0,4,0,8,False,True,True
00042.3e934ba4075f82283d755174d2642b76,False,False,False,0,0,0,0,0,0,False,False,False
00043.548c447db5d9ba3f5546de96baa9b0e6,False,True,True,0,0,0,1,1,9,False,True,True
00044.9eece8e53a8982c26558b9eb38230bb8,False,False,True,0,0,0,0,1,0,False,False,True
00046.96a19afe71cd6f1f14c96293557a49ff,False,False,False,0,0,0,0,0,0,False,False,False
00047.3c90d41f59137916d6b80e6f8e16ccba,False,False,False,0,0,0,0,0,0,False,False,False
00048.8a64080dbd9d868358a22b655fb1b1cd,False,False,True,0,0,0,0,0,4,False,False,True
00049.09e42d433e0661f264a25c7d4ed6e3ea,False,False,False,0,0,0,0,0,0,False,False,False
00050.45de99e8c120fddafe7c89fb3de1c14f,False,True,True,0,0,1,0,2,0,False,True,True
00051.fd20658f0e586d1f27f9396401f4981c,False,True,True,0,0,0,1,1,9,False,True,True
00052.44ec0206d8bc46f371f73d15709fdeea,False,True,True,0,0,0,5,0,9,False,True,True
00053.6e5c80e892cad9c9e6b04abe49a9031e,False,True,True,0,0,0,2,1,39,False,True,True
00053.d88d8b162ca1b7108221fb338cd7d0a5,False,False,False,0,0,0,0,0,0,False,False,False
00055.0b668beca14ab545bd39f17dbe20775c,False,True,True,0,0,0,1,0,4,False,True,True
00055.58adfd0c60ebc04370658a76b9352aa1,False,False,True,0,0,0,0,1,0,False,False,True
00057.01c83e8ad13d3f438c105ebc31808aa4,False,True,True,0,0,0,4,0,6,False,True,True
00058.00878d47d9a07c1c6f9c5a8593db7f55,False,False,True,0,0,0,0,0,2,False,False,True
00058.64bb1902c4e561fb3e521a6dbf8625be,False,True,True,0,0,1,0,1,0,False,True,True
00059.dc5b9ea22c6848c97871f0d9576cc931,False,False,True,0,0,0,0,1,0,False,False,True
00061.bec763248306fb3228141491856ed216,False,False,False,0,0,0,0,0,0,False,False,False
00062.3019eac14dfe3c503c03e25e70e63091,False,True,True,0,0,0,4,0,9,False,True,True
00062.6a56c37b8db0cbfb57a99b32ad60b4d2,False,True,True,0,0,0,1,0,7,False,True,True
00063.2334fb4e465fc61e8406c75918ff72ed,False,True,True,0,0,1,7,2,19,False,True,True
00064.839dfb3973ed439e19c1ca77cffdab3d,False,True,True,0,0,0,6,1,20,False,True,True
00065.9c8ae6822b427f2dbee5339d561a2888,False,True,True,0,0,0,6,1,20,False,True,True
00066.6afbb1258bcf3e4d59d53c847a84e469,False,False,False,0,0,0,0,0,0,False,False,False
00066.af6bf70ea68b499585a72bdd7d6dd931,False,True,True,0,0,0,1,0,7,False,True,True
00067.bf32243a9444bba9cba8582fef3d949e,False,True,True,0,0,0,1,0,7,False,True,True
00070.598f33a87fd0df81c691f9109fc2378a,False,True,True,0,0,0,1,1,9,False,True,True
00070.ab34b6c044a55bef3d6c1f64b7521773,False,True,True,0,0,0,4,0,6,False,True,True
00071.4b7e06d97286ec97820a0f8725878126,False,True,True,0,0,0,1,0,5,False,True,True
00072.d519a73b92f487519c2bc5ba45f5eb2c,False,True,True,0,0,0,1,0,1,False,True,True
00073.8dcd40346d48c69a9e075e935395e96d,False,True,True,0,0,0,4,1,9,False,True,True
00073.fa47879bac3adc4b716130566ee0a2a6,False,True,True,0,0,0,1,0,7,False,True,True
00074.51aab41b27a9ba7736803318a2e4c8de,False,False,True,0,0,0,0,1,0,False,False,True
00074.f7cfc6a5142e788004e0cff70e3a36c0,False,True,True,0,0,1,6,1,18,False,True,True
00075.28a918cd03a0ef5aa2f1e0551a798108,False,True,True,0,0,0,4,1,10,False,True,True
00075.f1c6bf042cf0ed13452e4a15929db8cd,False,True,True,0,0,0,4,0,20,False,True,True
00076.066bf704d9c4a3cf45da5ac7a6b684f8,False,True,True,0,0,1,4,2,10,False,True,True
00078.6944f51ce9c0586d8f9137d2d2207df0,False,False,True,0,0,0,0,1,0,False,False,True
00079.cc3fa7d977a44a09d450dde5db161c37,False,True,True,0,0,0,4,1,10,False,True,True
00083.c1891c507954e5b75b72b16712e799bf,False,False,False,0,0,0,0,0,0,False,False,False
00086.9c945bb90f76a8b76331599106c28429,False,False,False,0,0,0,0,0,0,False,False,False
00088.1673f91313df07da1a18b2fc458dd4c4,False,False,False,0,0,0,0,0,0,False,False,False
00089.7e7baae6ef4a8fb945d7b3fe551329fe,False,True,True,0,0,0,1,1,11,False,True,True
00092.8ca54ce0c31e6149b5ef05c0108743be,False,False,False,0,0,0,0,0,0,False,False,False
00093.f0f5881aff74fafe925b36649298a0aa,False,True,True,0,0,0,2,1,17,False,True,True
00094.7f704c47988221c18cb6a620409442b8,False,False,True,0,0,0,0,1,0,False,False,True
00095.17594a58d6736a8f6a1990b0b92090cd,False,True,True,0,0,0,1,0,6,False,True,True
00095.bee28d9bf506043611e140c673fe41f4,False,True,True,0,0,0,2,1,46,False,True,True
00096.39bffb55f064f907234c6b3d82fc3b4c,False,True,True,0,0,0,2,0,16,False,True,True
00096.a791864be5f1205bf2cea0adf241b25a,False,True,True,0,0,0,1,0,10,False,True,True
00097.555911ef896c1f57a6232120685b01e7,False,True,True,0,0,0,2,0,16,False,True,True
00099.328fbebf5170afdd863e431d90ea90f5,False,True,True,0,0,0,2,2,10,False,True,True
00099.d41a21dc96bb3c3342292f7c9fa4db1e,False,True,True,0,0,1,0,1,0,False,True,True
00101.5a24bf3ba3962442179b1a0325a1d1cb,False,False,True,0,0,0,0,1,0,False,False,True
00102.706dc065aaf3946565c4897163a16a33,False,True,True,0,0,0,3,1,24,False,True,True
00103.3fb0c1ebdfc0eb5952bf0f57e635c270,False,False,False,0,0,0,0,0,0,False,False,False
00104.04d165183bb8feab0956362c70591b3d,False,False,False,0,0,0,0,0,0,False,False,False
00104.67ea4a37ac02d37f4baa7631ba17a824,False,True,True,0,0,0,4,1,18,False,True,True
00106.09988f439b8547dc90efb1530c02329b,False,False,False,0,0,0,0,0,0,False,False,False
00107.49ebea517b7fe4f1bdf574dc3a125a70,False,True,True,0,0,0,1,0,3,False,True,True
00107.e6cd2d9f49514710dc85db0fef5b8726,False,False,False,0,0,0,0,0,0,False,False,False
00108.813fc6306b631b5c58ecfc26caf3a8dc,False,False,True,0,0,0,0,0,1,False,False,True
00109.17824b03f1b16c199abc7f4d7c35e4eb,False,True,True,0,0,0,4,1,16,False,True,True
00109.eda1664dd3b3c31b67e5cd04553b6546,False,False,True,0,0,0,0,1,0,False,False,True
00110.6a98310639f4d8f87cabd99ce4155c77,False,True,True,0,0,1,4,2,16,False,True,True
00110.f3c4ebe14b439420b53212332326181f,False,True,True,0,0,0,1,0,1,False,True,True
00113.0449844c534e41730bb7a0ab513580e9,False,True,True,0,0,1,10,1,19,False,True,True
00113.eebc11982ccc4730fb8759f94400ce19,False,True,True,0,0,0,6,1,16,False,True,True
00114.68b089e3ca8128bb8d11f4f8bc592764,False,False,True,0,0,0,0,0,2,False,False,True
00114.e337195587d1dbb42e8a2b693e9fc938,False,False,False,0,0,0,0,0,0,False,False,False
00115.c97af50ef7ccd816f95bbdc6f4d226b2,False,True,True,0,0,0,1,0,9,False,True,True
00116.29e39a0064e2714681726ac28ff3fdef,False,False,False,0,0,0,0,0,0,False,False,False
00116.8a15129846b680f8539fd703d8743b67,False,True,True,0,0,0,3,0,15,False,True,True
00117.9f0ba9c35b1fe59307e32b7c2c0d4e61,False,True,True,0,0,0,4,1,21,False,True,True
00117.b3ceb6525a1dc935463f3e3080110039,False,True,True,0,0,0,6,1,14,False,True,True
00118.141d803810acd9d4fc23db103dddfcd9,False,True,True,0,0,1,10,1,19,False,True,True
00119.7bd666ac52f079fb3b5ff0be83b55286,False,False,False,0,0,0,0,0,0,False,False,False
00121.bf18a63d6e7d40409f8b722036eadd82,False,False,False,0,0,0,0,0,0,False,False,False
00122.98bcaad36eb81e75911371f841f28dfc,False,False,True,0,0,0,0,1,3,False,False,True
00123.18a793261cf7719497e17412345945d6,False,False,False,0,0,0,0,0,0,False,False,False
00123.a5ee0040ec9a30b3f32f61e547fa5f8f,False,False,True,0,0,0,0,1,0,False,False,True
00124.e757f78e3a015f784045f87c81e9ce87,False,False,False,0,0,0,0,0,0,False,False,False
00125.120d27c936362896c00a3db9d3a4571e,False,False,False,0,0,0,0,0,0,False,False,False
00126.d6d2197becfb17af452e9117a5f4c947,False,False,False,0,0,0,0,0,0,False,False,False
00126.e98e1ba87a38e0cceeb55f3b86dbd4dd,False,False,True,0,0,0,0,0,2,False,False,True
00128.102ef1e6b36b8307faecd1f2d04cdbde,False,True,True,0,0,0,3,0,15,False,True,True
00128.721b6b20d5834d490662e2ae8c5c0684,False,True,True,0,0,0,1,2,9,False,True,True
00130.1ad579dc65cd646549fe87f565bdec5c,False,True,True,0,0,0,1,1,7,False,True,True
00130.c8128e89eff5b0e61aa864ebfd96afba,False,True,True,0,0,1,0,1,0,False,True,True
00131.faf572e5916abbdb3d6ee9671339e047,False,True,True,0,0,0,1,1,7,False,True,True
00132.9a7cc8c762a4901f2b899d722b5f4731,False,True,True,0,0,0,2,0,17,False,True,True
00133.17dccf2499a4245b83890e0784c43499,False,False,False,0,0,0,0,0,0,False,False,False
00133.7dbf2e71621f92eada31cc655ff12fd3,False,True,True,0,0,0,1,1,5,False,True,True
00134.9f41f4111a33dc1efca04de72e1a105a,False,False,False,0,0,0,0,0,0,False,False,False
00135.00e388e3b23df6278a8845047ca25160,False,False,True,0,0,0,0,1,0,False,False,True
00135.9996d6845094dcec94b55eb1a828c7c4,False,True,True,0,0,0,2,0,11,False,True,True
00136.870132877ae18f6129c09da3a4d077af,False,True,True,0,0,0,2,0,11,False,True,True
00136.faa39d8e816c70f23b4bb8758d8a74f0,False,False,False,0,0,0,0,0,0,False,False,False
00137.17860a4d8ca9d8d813cc0eb0dfd51e45,False,True,True,0,0,0,1,0,8,False,True,True
00138.acef24ad51f98e3192d5a0348543f02f,False,False,False,0,0,0,0,0,0,False,False,False
00138.c15973a4d40bed4333079296be2522ca,False,True,True,0,0,0,3,0,13,False,True,True
00139.b2a205ac25d7d907cdfb3f865dbae1ae,False,False,False,0,0,0,0,0,0,False,False,False
00140.eba666846fa0a138a90aeef51a627022,False,True,True,0,0,0,1,0,1,False,True,True
00141.29b1847b5d4131c536a812cdc88326eb,False,True,True,0,0,1,11,1,29,False,True,True
00142.141444128e16c8ae1631c27821debc9b,False,True,True,0,0,1,11,1,29,False,True,True
00143.95e60a4160434f341761931c65844a38,False,True,True,0,0,1,11,1,29,False,True,True
00144.4eeba2f228a8658e0d2e3a64764f4f31,False,True,True,0,0,0,1,0,9,False,True,True
00145.0ec326fee0570953d684e40edd3fa7b8,False,False,False,0,0,0,0,0,0,False,False,False
00145.b6788a48c1eace0b7c34ff7de32766f6,False,True,True,0,0,0,5,1,20,False,True,True
00146.e9b64856c0cd982a64f47c9ab9084287,False,False,True,0,0,0,0,1,0,False,False,True
00147.1782d51354c31ea53db25ea927d5c51d,False,False,False,0,0,0,0,0,0,False,False,False
00148.21c30154aa358d903c10c5d8a3ef6ffd,False,False,False,0,0,0,0,0,0,False,False,False
00149.1589b074a69ebc09012d1f6d7ba4c75f,False,False,False,0,0,0,0,0,0,False,False,False
00149.c07359393107925a86798dd72d6a56b3,False,False,False,0,0,0,0,0,0,False,False,False
00150.957bb781217f762dc9999e7a90130c92,False,False,False,0,0,0,0,0,0,False,False,False
00151.34bbdbf089edc6f58080753a166a3cfc,False,False,True,0,0,0,0,0,1,False,False,True
00151.6abbf42bc1bfb6c36b749372da0cffae,False,False,False,0,0,0,0,0,0,False,False,False
00152.8ed8aaed94054e507af5b9c760dd7be6,False,True,True,0,0,0,2,0,6,False,True,True
00152.a9f16de7f087215259a15322961bf9c0,False,False,False,0,0,0,0,0,0,False,False,False
00153.6a5ffe584834ea334041ab958cadcadb,False,True,True,0,0,0,2,0,6,False,True,True
00153.d20d157c684520f1c3aa8f270f753785,False,False,False,0,0,0,0,0,0,False,False,False
00154.b6c448ccff434e2dbe2c7c200a36aa31,False,True,True,0,0,0,5,0,13,False,True,True
00154.fb13b55bdbb01e81ac9b8ee6f13948d5,False,False,False,0,0,0,0,0,0,False,False,False
00155.b043f6801a72ada945205709c44c8ac4,False,False,True,0,0,0,0,1,0,False,False,True
00156.ccb4ccdec1949b9510ab71d05122de3f,False,False,False,0,0,0,0,0,0,False,False,False
00157.eab255ce291e88fbee46f3f0c564ddf3,False,False,False,0,0,0,0,0,0,False,False,False
00158.58aea46256aaaa23787ec2acdcd31073,False,False,False,0,0,0,0,0,0,False,False,False
00158.9c8bf53ed738031b4bfab819c4b3ef13,False,False,True,0,0,0,0,0,1,False,False,True
00159.6b641c70d79fd5a69b84a94b4e88150a,False,True,True,0,0,0,2,0,5,False,True,True
00160.66e11a17d619ce33d5a455a87015ee25,False,True,True,0,0,0,2,0,5,False,True,True
00161.37836bbc77bdab253f914d7a5233badb,False,False,True,0,0,0,0,2,0,False,False,True
00162.6d0397cc491b214db1e84e19bb49177a,False,False,False,0,0,0,0,0,0,False,False,False
00162.b5ae5521352c9bba7bf635c1766d4a75,False,True,True,0,0,0,2,2,36,False,True,True
00163.2ceade6f8b0c1c342f5f95d57ac551f5,False,True,True,0,0,0,2,0,5,False,True,True
00164.8536500ed9cadc8397a63b697d043c0b,False,False,True,0,0,0,0,1,0,False,False,True
00165.3a37220d69b5b8332ee4270f0121dfe9,False,True,True,0,0,0,2,0,5,False,True,True
00165.45db168e8e1a78a66972b9f50c47b6dc,False,False,False,0,0,0,0,0,0,False,False,False
00166.1b7ca83ece36a955e80c7f32efe5fd3d,False,False,False,0,0,0,0,0,0,False,False,False
00167.af33a21e8b279ee28d5e70a6ef1dc86a,False,False,False,0,0,0,0,0,0,False,False,False
00167.c37f166df54b89ce15059415cfbe12c3,False,False,True,0,0,0,0,1,0,False,False,True
00168.7422ce438a3d745e2cafb7430e5ddb0f,False,False,False,0,0,0,0,0,0,False,False,False
00168.a9dd80bb0934b67fd00b4f0a99966369,False,True,True,0,0,0,3,0,8,False,True,True
00171.8d972e393ba7c05bfcbf55b3591ce5f3,False,False,False,0,0,0,0,0,0,False,False,False
00172.0935a6d0aef9a3d6d64e07e3f6c453ec,False,True,True,0,0,0,1,1,6,False,True,True
00174.516721408a0d043ffc5258ecc49e907a,False,False,False,0,0,0,0,0,0,False,False,False
00174.94a8f3a8826ff937c38640422784ce86,False,False,True,0,0,0,0,0,1,False,False,True
00175.e672ac062c93c15915d4d264c4282b47,False,False,False,0,0,0,0,0,0,False,False,False
00177.581a22999fd636e541e4e4864baf947f,False,True,True,0,0,0,1,0,5,False,True,True
00180.13a95a2542a0fd01ff24303561cca949,False,False,False,0,0,0,0,0,0,False,False,False
00180.751cb63992e172566b3a296d970c425d,False,True,True,0,0,0,4,0,10,False,True,True
00181.8f8c7074d957952981b3d7bc188eb1a0,False,True,True,0,0,0,4,0,10,False,True,True
00181.a9ce64eb710cb3f00a7d7db7911291ab,False,False,False,0,0,0,0,0,0,False,False,False
00182.5561cb1b6f968e83afabe21d7a28bb37,False,False,True,0,0,0,0,0,7,False,False,True
00184.ead42d7ed872c504c79928a5f0a2b2eb,False,True,True,0,0,0,3,0,13,False,True,True
00185.8ca19012fa3f2a906f23c3b41f11ffed,False,True,True,0,0,0,1,0,2,False,True,True
00186.614733215984b78299813313394a4ed3,False,False,True,0,0,0,0,1,8,False,False,True
00187.3fb9a7078bff0530ea52484a32c5d7e0,False,False,True,0,0,0,0,1,8,False,False,True
00187.efd97ab2034b3384606e21db00014ecb,False,True,True,0,0,0,1,0,9,False,True,True
00188.3d145a97a4ccf05a36a1f2795b4c331d,False,False,True,0,0,0,0,1,0,False,False,True
00189.58d4489891c5ab450678438eb8cc4a3e,False,False,False,0,0,0,0,0,0,False,False,False
00190.dbaebac8c91d57cf7c9b9a431606ce54,False,True,True,0,0,1,0,2,0,False,True,True
00191.514dbda1bd10302e5c1d269837df0c66,False,False,True,0,0,0,0,0,8,False,False,True
00191.9ff80a41f015b7a6c409732e41c0df07,False,True,True,0,0,0,3,0,13,False,True,True
00194.767c323b4ae7a4909397e42cbd0c56a4,False,True,True,0,0,0,1,0,4,False,True,True
00195.0a543c2780491168160570bb6708af86,False,False,True,0,0,0,0,1,0,False,False,True
00195.aeb47d08c2d537c24ada260804b7a171,False,False,False,0,0,0,0,0,0,False,False,False
00198.aad7df5b8be674a0ce09c8040ef53f1e,False,False,True,0,0,0,0,1,0,False,False,True
00199.3536ffa9d7e1b912f6fc649d779cfe5d,False,True,True,0,0,0,1,0,9,False,True,True
00201.00020fc9911604f6cae7ae0f598ad29d,False,False,True,0,0,0,0,1,0,False,False,True
00202.d5b52386f66bd36cd1508319c82cf671,False,False,False,0,0,0,0,0,0,False,False,False
00204.4cf15f97b8ea08bfafab7d5091b8fbe7,False,False,False,0,0,0,0,0,0,False,False,False
00204.a008813ddeb2d5febd1fc676c07e9760,False,False,False,0,0,0,0,0,0,False,False,False
00205.312e72065386636132fa6c4a1fde871e,False,False,False,0,0,0,0,0,0,False,False,False
00205.ee9ba1e4fc09cb436f0d0983ecef87cf,False,False,False,0,0,0,0,0,0,False,False,False
00206.0c8362d7e86ddcaf39829800ac40e2ca,False,False,False,0,0,0,0,0,0,False,False,False
00206.434bca9a9918edbdb04b93f6618adf90,False,True,True,0,0,0,4,1,12,False,True,True
00207.47d129a97b8ce8572c9efb4c18a74192,False,False,False,0,0,0,0,0,0,False,False,False
00209.983df148f8b7d7e5d678f1ea6297cad1,False,True,True,0,0,0,1,0,4,False,True,True
00211.d976c6049e8448e7c407c124b580e0ba,False,False,True,0,0,0,0,1,0,False,False,True
00212.a9947ad74a529a35d11538e1df60cd73,False,False,False,0,0,0,0,0,0,False,False,False
00213.8c42a1c257aa30ff3b3ba668cca59408,False,False,False,0,0,0,0,0,0,False,False,False
00213.b85553a858843eabb7752c6d15aaba5a,False,False,False,0,0,0,0,0,0,False,False,False
00214.39bd955c9db013255c326dbcbb4f2f86,False,True,True,0,0,1,0,1,0,False,True,True
00215.0378888fa9823523e61a6b922a4e3b55,False,False,False,0,0,0,0,0,0,False,False,False
00215.f571ecd203e8d39296419bffc47e4a6a,False,False,True,0,0,0,0,1,0,False,False,True
00216.c07de35b7e7f659e3c0c071b30053afa,False,False,False,0,0,0,0,0,0,False,False,False
00217.f56a722e95d0b6ea580f1b4e9e2e013a,False,False,False,0,0,0,0,0,0,False,False,False
00218.e921fa1953a3abd17be5099b06444522,False,False,False,0,0,0,0,0,0,False,False,False
00219.b1e53bdc90b763f8073f3270e3f6e811,False,False,False,0,0,0,0,0,0,False,False,False
00219.eaf6c0ff67706c784f67f5c1225028a1,False,False,False,0,0,0,0,0,0,False,False,False
00220.b599bb1ef610ba40d9becc965c0c0da3,False,False,False,0,0,0,0,0,0,False,False,False
00221.775c9348b935d966a9afec954f1e9c27,False,False,False,0,0,0,0,0,0,False,False,False
00222.3ac65af6304056a15115076b1bcc8f69,False,False,False,0,0,0,0,0,0,False,False,False
00222.77293b7002c5749b9d31a99b2f4e0366,False,False,True,0,0,0,0,1,0,False,False,True
00223.349b9b0748ee72bad60729ffaae2cc00,False,True,True,0,0,0,4,0,15,False,True,True
00223.b2ab59fb979b4e3d266f15a580d86619,False,False,False,0,0,0,0,0,0,False,False,False
00224.1b3430b101a8a8b22493c4948fcbe9cc,False,False,False,0,0,0,0,0,0,False,False,False
00225.a4a58f288601a7e965b358c6e7c6741f,False,False,False,0,0,0,0,0,0,False,False,False
00225.b1ca16fa2be1be1d68f5e3bf2603f3cb,False,True,True,0,0,0,1,1,5,False,True,True
00226.bd5d6adde04612587537df13d7f81196,False,True,True,0,0,0,1,0,1,False,True,True
00227.a2dc608fa0cf81c35ea9f658b24a9004,False,False,False,0,0,0,0,0,0,False,False,False
00228.238a0547cbbd70a024d7d4376707f201,False,False,False,0,0,0,0,0,0,False,False,False
00230.681e0e97f93d59676937c4223c93da93,False,False,False,0,0,0,0,0,0,False,False,False
00231.77a5d20da55f185c1bb7a3949332d364,False,False,False,0,0,0,0,0,0,False,False,False
00233.a268478ca6f03604012ffff8dd3de396,False,False,False,0,0,0,0,0,0,False,False,False
00234.64c94421011e896adab852386cd314d8,False,False,False,0,0,0,0,0,0,False,False,False
00235.749db1b61dbea4257300c71c9220a4e8,False,False,False,0,0,0,0,0,0,False,False,False
00236.2772a068fff32e2f8d7f8a94bd9280cd,False,True,True,0,0,0,2,0,14,False,True,True
00237.9cee6fd8bdd653d21d92158e702adf50,False,False,False,0,0,0,0,0,0,False,False,False
00239.2f1370f9cba5ab21297eadb2af40b051,False,False,False,0,0,0,0,0,0,False,False,False
00240.48e29876af05d3b43e0b6a510a8fc837,False,False,True,0,0,0,0,1,0,False,False,True
00243.2fa7ea5c308d2d572c7e8efc679bb6a9,False,False,False,0,0,0,0,0,0,False,False,False
00243.c6e70273fe1cf9e56e26bb6bbeef415d,False,False,False,0,0,0,0,0,0,False,False,False
00244.5cac9708afd7f9f00e9bf64eeb127f0a,False,False,False,0,0,0,0,0,0,False,False,False
00244.934aa46481d9503c1fd02a964e19de24,False,False,False,0,0,0,0,0,0,False,False,False
00246.4dc5830a5a3e1fda805613b61822bac8,False,False,True,0,0,0,0,1,0,False,False,True
00246.d314e68151f961425104dbe6a4e3bc9a,False,False,False,0,0,0,0,0,0,False,False,False
00248.2212008dd1bd6e4d2326d8c6ce81d01a,False,False,True,0,0,0,0,2,0,False,False,True
00249.b6cad7860d56d8265155580a7c80457d,False,True,True,0,0,0,1,0,1,False,True,True
00250.ae302eda2386979f6ac6bfff9e9f7137,False,True,True,0,0,1,0,1,0,False,True,True
00251.2ca1d22841d472917231911f63572dfd,False,False,True,0,0,0,0,1,0,False,False,True
00252.7e355e0c5fd1de609684544262435579,False,False,False,0,0,0,0,0,0,False,False,False
00253.bd8e0dd85f0f848be89aadbf6d6364dc,False,True,True,0,0,1,0,1,0,False,True,True
00254.9810c685fa8fd2953b0c07ba7900605f,False,False,True,0,0,0,0,1,0,False,False,True
00255.f66ad62d19d3e76217eff77eff4eeea2,False,False,True,0,0,0,0,1,0,False,False,True
00256.edd9bfb44729edf3c4f177814fd8c9e1,False,False,False,0,0,0,0,0,0,False,False,False
00258.eb914ca569df16b9e969cc1ff646033f,False,False,False,0,0,0,0,0,0,False,False,False
00259.7b838a90b63541213eff9099e1a1aa3c,False,False,False,0,0,0,0,0,0,False,False,False
00259.c5dcbd525138d61d828298225a61aeab,False,False,False,0,0,0,0,0,0,False,False,False
00260.49cb520f5d726da6f1ec32d0e4d2e38f,False,False,False,0,0,0,0,0,0,False,False,False
00260.c75ce8b8d8bfc55723426979d260bf61,False,False,False,0,0,0,0,0,0,False,False,False
00261.e679a9947bd481d47fb1a3d83b482fd5,False,False,False,0,0,0,0,0,0,False,False,False
00262.12fb50ad3782b7b356672a246f4902a6,False,False,False,0,0,0,0,0,0,False,False,False
00263.13fc73e09ae15e0023bdb13d0a010f2d,False,False,False,0,0,0,0,0,0,False,False,False
00264.02b614f34aa0d5970959123b9386b285,False,True,True,0,0,0,3,0,13,False,True,True
00265.2b8a59870ad8576be65a7654da7fe1bb,False,False,False,0,0,0,0,0,0,False,False,False
00266.12e00174bc1346952a8ba2c430e48bf6,False,False,False,0,0,0,0,0,0,False,False,False
00266.3cf1dcf8df07100b1530493e11f80a25,False,False,True,0,0,0,0,1,0,False,False,True
00267.15fd4bd56e4a0466d3031f8f16803c8e,False,False,False,0,0,0,0,0,0,False,False,False
00268.9b64189b6da55d1e0a30026ca73eb0da,False,False,False,0,0,0,0,0,0,False,False,False
00268.a9bc047709bc6362328d3b72998956f2,False,True,True,0,0,1,0,1,0,False,True,True
00269.456d57b46b4c84fe5057b5cc63620057,False,False,False,0,0,0,0,0,0,False,False,False
00269.e85c3ef79a5cf21ee1ef7b8df17760e1,False,True,True,0,0,0,2,0,3,False,True,True
00270.1ee4eb635731c5a022fb060bc8cd26e0,False,False,True,0,0,0,0,1,0,False,False,True
00271.7105f4998a88cbf4036403f61ba60d65,False,False,False,0,0,0,0,0,0,False,False,False
00271.85110ef4815c81ccea879857b0b062ed,False,False,False,0,0,0,0,0,0,False,False,False
00274.ecb5ce751d8768ef609c171b84ca07a9,False,False,False,0,0,0,0,0,0,False,False,False
00275.87c74dc27e397ccd3b2b581bbefef515,False,False,False,0,0,0,0,0,0,False,False,False
00276.a6e447390e371ddba7cee092bb0ec98f,False,False,True,0,0,0,0,1,0,False,False,True
00276.a8792b1d4591c269b9234f3a39f846d8,False,False,False,0,0,0,0,0,0,False,False,False
00277.64128ce1653bc4e1bde9ffe2f83db557,False,True,True,0,0,1,12,1,32,False,True,True
00280.3432009813aa8a8683c72ad31ce7e0e0,False,False,True,0,0,0,0,0,4,False,False,True
00281.d5147756d766fba6dbc649f786e38bc2,False,False,False,0,0,0,0,0,0,False,False,False
00281.db28f3aab77ff478279d8de20d572b42,False,False,False,0,0,0,0,0,0,False,False,False
00282.0e230e05877f40a522bfb93aa3e314f3,False,False,False,0,0,0,0,0,0,False,False,False
00282.262dbcdc9fb22384ac5b6fc159aba4cb,False,False,False,0,0,0,0,0,0,False,False,False
00283.8654c24a39f2557b8d4b1aa35b95482d,False,False,False,0,0,0,0,0,0,False,False,False
00284.4cdf4c9e9404c79c85ab5ac12ce39e85,False,False,True,0,0,0,0,1,0,False,False,True
00285.0a23190ebe54452ab48f8fc1e20402f5,False,False,False,0,0,0,0,0,0,False,False,False
00285.8a06c91fcdf4a1ae8ca928f3ef3feecb,False,False,False,0,0,0,0,0,0,False,False,False
00286.efd0b8f0c9c779b7a0ad93505c9b0bae,False,False,True,0,0,0,0,1,0,False,False,True
00287.b0495a4dbdff36654c3b3ee2f92bdbf3,False,True,True,0,0,0,1,0,8,False,True,True
00288.8c8bc71976c3b67d900ebd8eeab8a0f5,False,False,False,0,0,0,0,0,0,False,False,False
00288.e1f7256dd7c447815e6693fd8efea6c9,False,True,True,0,0,0,1,3,6,False,True,True
00289.61a681a72c71512f115ad65033acc7c9,False,False,True,0,0,0,0,1,2,False,False,True
00289.ce923605b55bfa316d567763565e6bc9,False,False,False,0,0,0,0,0,0,False,False,False
00290.eb053a191b7509a9399aa16717630414,False,False,True,0,0,0,0,1,0,False,False,True
00292.b90f1e0d4436fdbf91d909812648900d,False,True,True,0,0,2,2,3,6,False,True,True
00293.2503973d5b437aa173b6dd97e6f14202,False,False,False,0,0,0,0,0,0,False,False,False
00293.f4e9fd5549f9063ad5559c094edf08f2,False,False,False,0,0,0,0,0,0,False,False,False
00295.567c57d64a8f338d16d5047e533a1155,False,True,True,0,0,1,0,1,0,False,True,True
00295.b028688ce4ea3693f4ed591b8ca3f72e,False,False,False,0,0,0,0,0,0,False,False,False
00296.0087354f4bb7c4e756124632a4a7e80a,False,False,False,0,0,0,0,0,0,False,False,False
00297.3350c2dbbb0272c27b2c7773d7012356,False,False,False,0,0,0,0,0,0,False,False,False
00297.6278795e285879c8623bf7ec329b966e,False,False,False,0,0,0,0,0,0,False,False,False
00299.ec4bd0c57a7bf6a5616beb2897aaed7b,False,False,False,0,0,0,0,0,0,False,False,False
00299.f786faed64bef7134e52fafa17ea861f,False,False,False,0,0,0,0,0,0,False,False,False
00300.6ca4fee75f6afbd00581ceec6cf14fac,False,False,False,0,0,0,0,0,0,False,False,False
00300.834f370a21ca4f1774d5724b5443411c,False,True,True,0,0,1,0,1,0,False,True,True
00302.544366fa4cd0f5d210dd8443a1c2c95a,False,False,False,0,0,0,0,0,0,False,False,False
00303.22239f1393297a691eb5df3dfe7a5001,False,True,True,0,0,0,1,0,9,False,True,True
00304.ed5fbfc3e6f2be662f29f43f172a1fb3,False,False,False,0,0,0,0,0,0,False,False,False
00304.fedb2050801439ca46d1d82d10e8e9e2,False,False,False,0,0,0,0,0,0,False,False,False
00306.729a42414b91e9b2bddf273c514c50d7,False,False,False,0,0,0,0,0,0,False,False,False
00307.7ed50c6d80c6e37c8cc1b132f4a19e4d,False,False,False,0,0,0,0,0,0,False,False,False
00308.c80d7cb2a6981efac408b429d42d2b89,False,False,True,0,0,0,0,0,10,False,False,True
00309.514ba73d47cc5668a2afdef0a25b400c,False,False,True,0,0,0,0,0,7,False,False,True
00309.d9efb4713f45f4e1237d3f9b757d0916,False,True,True,0,0,0,6,0,15,False,True,True
00310.3f652995aadb0bf696dd10c89ce30afc,False,False,False,0,0,0,0,0,0,False,False,False
00310.dd799961317914374088b04cc0fb1b85,False,False,True,0,0,0,0,1,0,False,False,True
00311.176626eb0ec0de8f451a079083104975,False,False,True,0,0,0,0,1,0,False,False,True
00311.9797029f3ee441b00f3b7521e573cb96,False,False,False,0,0,0,0,0,0,False,False,False
00313.4363902393c0037670bc9483d19dc551,False,False,True,0,0,0,0,1,0,False,False,True
00313.fab744bfd5a128fca39b69df9811c086,False,False,False,0,0,0,0,0,0,False,False,False
00314.8f7993db02bde4d724e1eff9d2d35db1,False,False,False,0,0,0,0,0,0,False,False,False
00314.ce1926a9815415807e51b80930bffdb8,False,False,False,0,0,0,0,0,0,False,False,False
00315.81905f8867f52179286a6a5bdd1483fa,False,True,True,0,0,1,0,2,0,False,True,True
00316.6127940652124130611907ee0c20ab5e,False,True,True,0,0,0,6,0,21,False,True,True
00317.22fe43af6f4c707c4f1bdc56af959a8e,False,True,True,0,0,1,0,2,3,False,True,True
00317.902b19a36e88cd3ad096e736ff8c81a5,False,False,True,0,0,0,0,1,0,False,False,True
00318.7ce7e3cbbf4fa9c30a67b7ecdda2342e,False,False,True,0,0,0,0,0,1,False,False,True
00319.2702ee4100f722328afc52a1a6f1dc26,False,False,True,0,0,0,0,1,0,False,False,True
00319.a99dff9c010e00ec182ed5701556d330,False,True,True,0,0,0,1,0,16,False,True,True
00320.20dcbb5b047b8e2f212ee78267ee27ad,False,False,False,0,0,0,0,0,0,False,False,False
00320.a4e760741d537aef50c4c0b950329225,False,False,False,0,0,0,0,0,0,False,False,False
00321.00c19304d06d2e9fd068873434f1297e,False,False,False,0,0,0,0,0,0,False,False,False
00321.22ec127de780c31da00ae5e1c1aa32e4,False,False,False,0,0,0,0,0,0,False,False,False
00322.7d39d31fb7aad32c15dff84c14019b8c,False,False,False,0,0,0,0,0,0,False,False,False
00322.9c67ae5dc3348e9a0b9a61a408c3f44e,False,False,False,0,0,0,0,0,0,False,False,False
00323.9e36bf05304c99f2133a4c03c49533a9,False,False,False,0,0,0,0,0,0,False,False,False
00323.ca6d475963aec4ab799b22805c4b0282,False,False,False,0,0,0,0,0,0,False,False,False
00324.272b1fb3642d24e21dac949444b21e65,False,False,True,0,0,0,0,2,0,False,False,True
00324.6f320a8c6b5f8e4bc47d475b3d4e86ef,False,False,False,0,0,0,0,0,0,False,False,False
00325.58d1a52f435030dc38568bc12a3d76a2,False,False,False,0,0,0,0,0,0,False,False,False
00326.5ec68244bb085cb140deb79563abd7b3,False,False,False,0,0,0,0,0,0,False,False,False
00327.1f6320c5ad43180ccad57610c646c6a3,False,False,True,0,0,0,0,1,0,False,False,True
00327.7f21bc8575786a0e00341a6407b9f286,False,False,False,0,0,0,0,0,0,False,False,False
00328.73c1a9f83d3b1247522c26eb6d74c215,False,False,True,0,0,0,0,0,1,False,False,True
00329.47e3728483bdcad34227e601eb348836,False,False,True,0,0,0,0,0,12,False,False,True
00329.af4af411fb1268d1461b29fa2d2145a3,False,False,False,0,0,0,0,0,0,False,False,False
00330.97460a01c80eb8ef3958118baf379c93,False,True,True,0,0,1,3,1,6,False,True,True
00330.c5f7346dec1e6fe6ed324d8e78a2b46e,False,False,False,0,0,0,0,0,0,False,False,False
00331.a61788d316e7393c8bbf8ee19b24c713,False,False,False,0,0,0,0,0,0,False,False,False
00332.2b6d5012de45ae27edbda7f94c54636e,False,False,False,0,0,0,0,0,0,False,False,False
00332.580b62752adefb845db173e375271cb5,False,False,True,0,0,0,0,1,0,False,False,True
00333.050a95c5ed10d1e01e5da42d27d087bd,False,False,False,0,0,0,0,0,0,False,False,False
00333.4bb36a535cb3d738f30f985f1e10a786,False,False,True,0,0,0,0,1,0,False,False,True
00334.a1038f98abb76b403d068afb57bfb290,False,False,True,0,0,0,0,1,0,False,False,True
00334.f487a87d551c524250c3eccbda6020da,False,True,True,0,0,0,5,0,12,False,True,True
00335.f71c6e9b23487811a44e6aeaa50e73a5,False,False,True,0,0,0,0,1,0,False,False,True
00336.92409253178027f58e2c072a7e82791e,False,False,False,0,0,0,0,0,0,False,False,False
00338.5f65cc2aed42a1472d2c279f925da35a,False,True,True,0,0,1,0,1,0,False,True,True
00338.a595ffbb6cbcf3a5058293051ebaabf4,False,False,False,0,0,0,0,0,0,False,False,False
00340.520783fd73bb73df88d6effd04e1f55d,False,True,True,0,0,0,3,0,13,False,True,True
00341.99b463b92346291f5848137f4a253966,False,True,True,0,0,0,3,0,31,False,True,True
00342.0dab365fab3be83284b08ac5783335da,False,True,True,0,0,0,2,0,9,False,True,True
00344.17882edad13c2c761e6d8d99eef5a346,False,True,True,0,0,0,3,0,9,False,True,True
00345.53eb1900901ea7c0b512d555e919b881,False,False,True,0,0,0,0,1,0,False,False,True
00345.613b3c2aeac033eebb379c91b8ce9fba,False,True,True,0,0,2,0,2,0,False,True,True
00348.1948d1e6b724e8abf4b8f0fc024ac627,False,False,False,0,0,0,0,0,0,False,False,False
00350.7a772c64c6a4131bcff6e19336b28b77,False,True,True,0,0,1,0,1,0,False,True,True
00350.c2658f17a328efdf045b38ab38db472f,False,False,False,0,0,0,0,0,0,False,False,False
00352.206639789c6ba89977375c62856f20fc,False,False,False,0,0,0,0,0,0,False,False,False
00353.464ef65be6651440e15675faeb15a7ca,False,False,False,0,0,0,0,0,0,False,False,False
00353.8d9f21930310041d8a0e17b0494e3a4a,False,False,True,0,0,0,0,1,0,False,False,True
00354.c1b5e9322256bc530d08aa0c232abcef,False,True,True,0,0,0,2,1,11,False,True,True
00357.b523d4209d633d6fdf86b93bc19e3aa2,False,False,False,0,0,0,0,0,0,False,False,False
00358.ccfcaa5984dc5db979ba41e0fcee87c3,False,False,False,0,0,0,0,0,0,False,False,False
00360.3c1e6c84cb93d024c1f1aa85cd56ac9c,False,False,True,0,0,0,0,0,1,False,False,True
00360.814557087d32334a92357de3b50ee814,False,False,False,0,0,0,0,0,0,False,False,False
00362.73409498731cffe86816918aae62cbbb,False,False,True,0,0,0,0,1,0,False,False,True
00363.ed86759dd8ad582066e4db3af6a99fc1,False,False,False,0,0,0,0,0,0,False,False,False
00364.11dba84b95e0471927d1ebc8ff0017ef,False,False,True,0,0,0,0,1,0,False,False,True
00364.48aa56553a1b8c2e4b638e0f46a7fc1f,False,False,False,0,0,0,0,0,0,False,False,False
00365.da6795d02b44e4d5e168d62718f3e7c9,False,True,True,0,0,0,3,0,9,False,True,True
00367.61bd750eb4ea17d10cc4aaeef1885fcf,False,True,True,0,0,0,5,1,12,False,True,True
00368.64d7f78532bf9b4cd41c8f5bc526af6a,False,True,True,0,0,0,1,0,12,False,True,True
00369.ea45bbb3d5cc26da35f7980fcc5ef49a,False,False,False,0,0,0,0,0,0,False,False,False
00370.549e569ab1b84fb13a4ea7d61f98f86d,False,True,True,0,0,0,2,1,10,False,True,True
00370.abd27ca9728627f8f0f83934ea7520d0,False,False,False,0,0,0,0,0,0,False,False,False
00371.a1bca8c3fae1f6cbcebd205bf5db6ada,False,True,True,0,0,0,2,1,32,False,True,True
00372.859cab3c4ee323a06adcd41f8c604fa7,False,True,True,0,0,0,6,0,11,False,True,True
00374.b174d1e94449f519f3ceba87e7cefea7,False,False,True,0,0,0,0,0,3,False,False,True
00375.1130c29a255fa277c5acbee4d08edacd,False,False,True,0,0,0,0,1,0,False,False,True
00375.687dc7464b4c4fa822ee453b9ef352df,False,False,True,0,0,0,0,1,0,False,False,True
00377.8568faed5f5f8cd3fb0956786da98a1a,False,False,True,0,0,0,0,1,0,False,False,True
00378.143069173c8ee0047916f124032367d1,False,False,False,0,0,0,0,0,0,False,False,False
00379.b2ab58d60315cdc423cd8640466092ed,False,False,False,0,0,0,0,0,0,False,False,False
00380.a262abe251ca7cc3026e4e146d9cf817,False,False,False,0,0,0,0,0,0,False,False,False
00381.004cefb51e415fe5c45a3a97091bf978,False,True,True,0,0,0,1,0,3,False,True,True
00383.1aa9a8211d1de540d6e3852e230e5a9d,False,False,False,0,0,0,0,0,0,False,False,False
00384.ffe5f36fc3c40673d4313db5e579e33d,False,False,False,0,0,0,0,0,0,False,False,False
00385.51089b24dee5a89d38ee1b505b470c68,False,True,True,0,0,1,0,2,0,False,True,True
00386.c5a6044254345320c345761dadbea419,False,False,False,0,0,0,0,0,0,False,False,False
00387.557966123e4eca02241d2865d521b987,False,False,True,0,0,0,0,1,0,False,False,True
00387.8562ea27520ea0fa6030679792f2fb72,False,False,True,0,0,0,0,1,0,False,False,True
00388.53eae0055e66fcb7194f9cca080fdefe,False,False,True,0,0,0,0,1,15,False,False,True
00390.ccb6ba541b35f5e9e443a53049cd70d3,False,False,False,0,0,0,0,0,0,False,False,False
00391.6086519216f6de15fecaeffdb51ff3a7,False,False,False,0,0,0,0,0,0,False,False,False
00391.e2c76e9dc5ef65b90275138f73eb475b,False,False,False,0,0,0,0,0,0,False,False,False
00392.f494d12cb0d5daaead0e7f10f8afaef1,False,False,False,0,0,0,0,0,0,False,False,False
00392.ffefdd973d6b1bf1243937030e3bd07f,False,True,True,0,0,0,2,1,5,False,True,True
00394.cca39f925676ecca947eaed2b600fe70,False,False,False,0,0,0,0,0,0,False,False,False
00396.6fc0d31374c02ec5614f503a09a37211,False,False,True,0,0,0,0,1,0,False,False,True
00397.1a99f98a5b996f99f3661e9609782932,False,False,False,0,0,0,0,0,0,False,False,False
00397.dc85d97361fbed3637f8db56d4c9c92d,False,True,True,0,0,1,0,1,0,False,True,True
00398.1939605e3c713ff2ef852b1fbf10b0bb,False,False,False,0,0,0,0,0,0,False,False,False
00399.b5a16f11e0f6bc8898caef8d9ba3e9a8,False,True,True,0,0,0,2,1,7,False,True,True
00400.9360c6d3f34caf75a4c5439852153b71,False,True,True,0,0,0,3,0,23,False,True,True
00400.cc74b7994a7282f32ee2a3b7e3634d31,False,True,True,0,0,0,6,0,14,False,True,True
00401.309e29417819ce39d8599047d50933cc,False,True,True,0,0,0,2,1,13,False,True,True
00401.31d8ded049967dc48ebb564288733e81,False,True,True,0,0,0,2,0,10,False,True,True
00402.3cb789dea6bc3f321cc15730f3048ff2,False,True,True,0,0,0,3,0,23,False,True,True
00404.b4bbecbee92f735a845f589582e7695d,False,False,True,0,0,0,0,0,1,False,False,True
00405.3163fff27ff95b91afd656f0025c6a83,False,False,False,0,0,0,0,0,0,False,False,False
00405.39099b2d9fc7da44f0bd7c5d68c06ca6,False,False,True,0,0,0,0,1,0,False,False,True
00406.05e2214fea602970426862295f9b4a2e,False,False,False,0,0,0,0,0,0,False,False,False
00406.3d607f39292bdf8e71094426cc02a90d,False,False,True,0,0,0,0,0,2,False,False,True
00407.7a447442b07fa08de0b69e907ce3ca53,False,False,False,0,0,0,0,0,0,False,False,False
00407.7dcebe4c50bb22e0719a05ac6cc0e574,False,False,False,0,0,0,0,0,0,False,False,False
00408.22230b84aee00e439ae1938e025d5005,False,True,True,0,0,1,0,2,0,False,True,True
00408.78e871a38b048989b9949716e3fc7575,False,True,True,0,0,0,1,0,26,False,True,True
00409.1faf0d6f87e8b70f0bb05b9040d56fca,False,False,False,0,0,0,0,0,0,False,False,False
00410.fb7b31cdd9d053f8b446da7ce89383fa,False,False,False,0,0,0,0,0,0,False,False,False
00411.e606c6408dbcda1a60be16896197bace,False,False,False,0,0,0,0,0,0,False,False,False
00412.2498d35d4ac806f77e31a17839d5c4c2,False,False,True,0,0,0,0,0,3,False,False,True
00412.700e6d74e5f886eb75017714a6aeb735,False,False,False,0,0,0,0,0,0,False,False,False
00413.11d008b916ea6fd996dee9a08670655e,False,True,True,0,0,0,1,0,4,False,True,True
00413.28e8cb47d7429bf78c711079da50fcd4,False,False,True,0,0,0,0,0,8,False,False,True
00414.583be7dd0ab2492309a3fbd7960e90be,False,False,True,0,0,0,0,1,0,False,False,True
00414.b2312673ca5358901c801eb44c00e310,False,False,False,0,0,0,0,0,0,False,False,False
00418.16b11d584531ea6f8e334bf92e5560ec,False,True,True,0,0,1,0,1,0,False,True,True
00418.6321175c76411371c109eafc99563d2c,False,False,False,0,0,0,0,0,0,False,False,False
00419.141092086514a246ff2ff8d4bc523400,False,True,True,0,0,1,2,2,11,False,True,True
00419.ed8fc5e3278d344ba897c8e9614acb38,False,True,True,0,0,0,1,0,3,False,True,True
00420.cf4550c21f1afd532c171e6e3e10f135,False,False,False,0,0,0,0,0,0,False,False,False
00421.540f120cafbc8a068fcc7f8a372a37b8,False,False,False,0,0,0,0,0,0,False,False,False
00421.ca2fe949a956845a9ba81c649a7db6c0,False,False,False,0,0,0,0,0,0,False,False,False
00423.41a02b6bb464b0bd04ac8a40e6001c3e,False,False,False,0,0,0,0,0,0,False,False,False
00425.1434e0ab4e5235b64825b4c2a0999d76,False,False,False,0,0,0,0,0,0,False,False,False
00425.529f44cda59588d37959083c93a79764,False,False,False,0,0,0,0,0,0,False,False,False
00426.c743511223777504c01a35f90914b230,False,True,True,0,0,1,0,1,0,False,True,True
00427.c3d316b9e7fefe87329d31b09c1601fe,False,False,False,0,0,0,0,0,0,False,False,False
00428.5fe2c974b49315a6fbf9f3b09b47f030,False,True,True,0,0,1,0,1,0,False,True,True
00428.a7bbcb15affd49a93d516d5ed5700d66,False,True,True,0,0,0,1,1,9,False,True,True
00429.0061e48e64f9ce93ffae69bba9151357,False,True,True,0,0,0,6,0,14,False,True,True
00429.8f4c7360f2629f5017e7a485e74b3862,False,True,True,0,0,0,1,0,10,False,True,True
00430.d2179c2841013fea688db8bbcf60b3b0,False,True,True,0,0,2,0,2,0,False,True,True
00430.d3915a3e7a9cbd8f9a7e6221eb40253d,False,False,False,0,0,0,0,0,0,False,False,False
00432.d0728a14791872b0fdbba5d730bb1426,False,False,True,0,0,0,0,1,0,False,False,True
00433.8ac2ba68fca4bccc0856abe31002a8e9,False,False,False,0,0,0,0,0,0,False,False,False
00433.e23d484b63694062d857aa6fc4fd6276,False,False,False,0,0,0,0,0,0,False,False,False
00434.73574ecf7afcf2aef7fe6c3ff5158596,False,False,False,0,0,0,0,0,0,False,False,False
00435.5fcb8673ad1922e806a0505769985c69,False,False,True,0,0,0,0,1,0,False,False,True
00435.69467ebbdbdd2d891624bf8fccda579f,False,True,True,0,0,0,1,0,8,False,True,True
00437.a88b8673cb52537e09bc37a163c1635f,False,False,True,0,0,0,0,1,0,False,False,True
00437.defdb75139dbe5cdd027cbab9f704a27,False,False,True,0,0,0,0,1,0,False,False,True
00438.cf76c0c71830d5e8ddec01a597f149a5,False,False,True,0,0,0,0,1,5,False,False,True
00439.6f4246a5e3336b6ecb5624e209e0b59f,False,True,True,0,0,0,4,0,6,False,True,True
00440.cefb7176fea7baf69c5e9d8b2f1a2b54,False,True,True,0,0,0,5,0,10,False,True,True
00442.0b77138b3a011a8bbaa1f7b915bfee9b,False,False,False,0,0,0,0,0,0,False,False,False
00443.cac50573829d4df1111b6ead28212e73,False,False,False,0,0,0,0,0,0,False,False,False
00444.2657e8ab181a4ba04b6515d5c379b9f0,False,True,True,0,0,1,0,2,0,False,True,True
00444.33afc8c1f9cea3100ca8502e8a785259,False,True,True,0,0,0,5,0,15,False,True,True
00446.a54877313142d56c24d499d761c48fb1,False,False,False,0,0,0,0,0,0,False,False,False
00446.dbbe3d81a19420ba8c135ac7f044319c,False,False,True,0,0,0,0,1,8,False,False,True
00448.a6ac96e93ef03ec1a638c577c6940f5e,False,False,False,0,0,0,0,0,0,False,False,False
00449.7d33f465cb813806296901ee541841d6,False,False,False,0,0,0,0,0,0,False,False,False
00449.c498bdd182edba9e9ba725c5a5a1f06b,False,False,False,0,0,0,0,0,0,False,False,False
00450.93d3d59fcdd0f8fda9ef4678535182e8,False,False,True,0,0,0,0,1,0,False,False,True
00450.acfa2d7f64e43ef04600e30fdecff8ec,False,False,True,0,0,0,0,1,0,False,False,True
00451.5af88ff99e71a8984ac293c250b37d34,False,False,False,0,0,0,0,0,0,False,False,False
00452.f13574a4582c94daf2bd6668c1683eed,False,False,False,0,0,0,0,0,0,False,False,False
00453.456abc0bc83034492888f63725796d5b,False,False,True,0,0,0,0,1,0,False,False,True
00454.ca6a81a702d62c23bc184a37a1cdb926,False,True,True,0,0,1,0,1,0,False,True,True
00455.c48d026b0aae9a1a14e9ab1193a2a5f3,False,False,False,0,0,0,0,0,0,False,False,False
00456.b700dd37219f192d25cfc87f5c97a86d,False,False,False,0,0,0,0,0,0,False,False,False
00457.f4325a4aa30dce61bf6c442b887733dd,False,False,False,0,0,0,0,0,0,False,False,False
00457.f8db516c753eff2c82cfb89b33bd2620,False,False,False,0,0,0,0,0,0,False,False,False
00458.49467dba97d6ac2825c533df9a7a5017,False,False,True,0,0,0,0,1,0,False,False,True
00459.2c2341d0342bfedc94464025126bedc6,False,True,True,0,0,0,3,0,18,False,True,True
00459.e71f7a769d6b09c6d75bfbe8711dbbbe,False,True,True,0,0,0,1,0,9,False,True,True
00460.407cd7d4ce577b1474eba6dd35a15081,False,False,True,0,0,0,0,2,0,False,False,True
00461.1a27d007492d1c665d07db820b7dc3b8,False,False,False,0,0,0,0,0,0,False,False,False
00461.57e0fe5d31215393d7cf4e377e330082,False,False,False,0,0,0,0,0,0,False,False,False
00462.d0ca75a85184ca9843d1dffdc8c98855,False,True,True,0,0,1,0,1,0,False,True,True
00463.45bff4629688e8031231a8b64a4eef06,False,True,True,0,0,0,2,1,12,False,True,True
00464.d2f719c667d192af860572b1c858cc11,False,False,False,0,0,0,0,0,0,False,False,False
00468.77534696791a755fb0fb8be8c2704ed8,False,True,True,0,0,1,0,1,0,False,True,True
00468.fb2222cc49228bd3dac5481e670f208f,False,False,True,0,0,0,0,1,0,False,False,True
00469.d2c0c55b686454f38eee312c5e190816,False,False,False,0,0,0,0,0,0,False,False,False
00470.32f31d3d1598f840a6471fa25332336d,False,False,False,0,0,0,0,0,0,False,False,False
00471.df77fa930951f79466c195052ff56816,False,False,False,0,0,0,0,0,0,False,False,False
00472.713268dfca421e165c1ac59bab045e00,False,False,True,0,0,0,0,1,1,False,False,True
00473.7086ec944a1245a002b04547a433c887,False,False,False,0,0,0,0,0,0,False,False,False
00474.30772a1ac9e824976fc6676844d68b76,False,False,False,0,0,0,0,0,0,False,False,False
00475.3d497c7d96c51986316db566756ff35a,False,False,False,0,0,0,0,0,0,False,False,False
00476.38e32c20c334317781e90c3e6754fbe9,False,False,False,0,0,0,0,0,0,False,False,False
00476.af3a29817853a5c56bae5257c2d4b742,False,False,False,0,0,0,0,0,0,False,False,False
00477.24ef7a042f97482f884387c75249380c,False,False,True,0,0,0,0,2,0,False,False,True
00477.3691f298683e5b8687bc05a891512864,False,False,False,0,0,0,0,0,0,False,False,False
00478.a4d1f3bcbb571f1c3809bf47cb5ee57f,False,False,False,0,0,0,0,0,0,False,False,False
00479.84c58aa8adff520d7f58dfde02c1cf10,False,False,True,0,0,0,0,1,0,False,False,True
00479.a2cd6780001042d8203b05a6ab0f34ac,False,False,False,0,0,0,0,0,0,False,False,False
00480.682829ef5c1f1639f0a060190c5d4b33,False,False,True,0,0,0,0,2,0,False,False,True
00483.50c5dda7dd4710798c15a85ade6e9f93,False,False,True,0,0,0,0,1,0,False,False,True
00484.602c7afb217663a43dd5fa24d97d1ca4,False,False,False,0,0,0,0,0,0,False,False,False
00485.94b2cb3aa454e6f6701c42cb1fd35ffe,False,True,True,0,0,1,0,1,0,False,True,True
00486.7f5cde6ad9f34dcbe56a1fd73138b351,False,False,False,0,0,0,0,0,0,False,False,False
00487.139a2f4e8edbbdd64441536308169d74,False,False,False,0,0,0,0,0,0,False,False,False
00488.29e96da757cc5566c848833e26abdd65,False,False,True,0,0,0,0,1,0,False,False,True
00488.e88c2c87a3b72ab47b6420b61279242e,False,False,True,0,0,0,0,0,24,False,False,True
00490.09cc8eacfd07338802c3ea0e7f07fe26,False,False,True,0,0,0,0,1,0,False,False,True
00490.f0020a3ea5546c122f688b39f4380c95,False,True,True,0,0,0,5,0,13,False,True,True
00491.28cb63173ed4740180e45e6248db5584,False,False,False,0,0,0,0,0,0,False,False,False
00492.3052cad36d423e60195ce706c7bc0e6f,False,True,True,0,0,0,3,0,24,False,True,True
00492.73db79fb9ad03aff1e08deb73b83203c,False,False,False,0,0,0,0,0,0,False,False,False
00493.a80f4bf204e9111b0dd1d14bf393b754,False,False,True,0,0,0,0,2,0,False,False,True
00494.6d13d2217c5cc00c26b72d97c7fe6014,False,True,True,0,0,1,0,1,0,False,True,True
00496.1a37de098f6c8847c3c7839d73cc7106,False,False,False,0,0,0,0,0,0,False,False,False
00498.48c3098854d339353f1a28a13b196017,False,False,False,0,0,0,0,0,0,False,False,False
00499.257302b8f6056eb85e0daa37bfcd2c68,False,False,False,0,0,0,0,0,0,False,False,False
00500.85b72f09f6778a085dc8b6821965a76f,False,False,False,0,0,0,0,0,0,False,False,False
00501.32679091b0520132ad888ef3b134ce48,False,True,True,0,0,0,1,0,10,False,True,True
00502.0a4d33a87be5e0ac475c75e1ea9962be,False,True,True,0,0,0,1,0,10,False,True,True
00503.4b7a98571703ac6770713c31b431b274,False,False,True,0,0,0,0,1,0,False,False,True
00504.0a250a54cc14771c55105d9cfdf39151,False,True,True,0,0,0,1,0,9,False,True,True
00505.d4fa302630b3e58461b644f7b3e11d82,False,True,True,0,0,1,0,1,0,False,True,True
00507.f60aebf11f7c66427490b14ff65f4c90,False,False,False,0,0,0,0,0,0,False,False,False
00511.7a9009733666ca7ab0325e44e17bf584,False,False,False,0,0,0,0,0,0,False,False,False
00512.8a8d03da14819f83a8936f224cd9c9cc,False,True,True,0,0,0,5,1,16,False,True,True
00514.5c15464cb782de5ddab0408af5888805,False,False,True,0,0,0,0,1,0,False,False,True
00515.89787cdc87d6fe15af713a5e960c1e05,False,False,False,0,0,0,0,0,0,False,False,False
00518.3b454f92294b060a41b0771941394bd3,False,False,True,0,0,0,0,1,0,False,False,True
00519.f189e2f1541968e48de6ebd9db23b35d,False,False,False,0,0,0,0,0,0,False,False,False
00520.892a859ed7b0c96d56ae83e4f6ee6b11,False,True,True,0,0,0,3,0,21,False,True,True
00521.70417de823222858b4100b6030a64168,False,False,True,0,0,0,0,1,6,False,False,True
00522.3c781aa53f7de37cf33e2205faac7143,False,True,True,0,0,0,3,1,12,False,True,True
00524.640f4413fd9d75339aba617157a43d5e,False,False,False,0,0,0,0,0,0,False,False,False
00528.a7b02c9abd9fb303615a956bbc4af548,False,True,True,0,0,0,5,3,18,False,True,True
00530.7495e8bd02e1dccfea08502d0e406e5d,False,False,False,0,0,0,0,0,0,False,False,False
00531.f3fffa4504c7009a03dd0d44a4562a84,False,True,True,0,0,1,0,1,0,False,True,True
00532.f9e75080635b69a666e530fb8aa46a57,False,False,False,0,0,0,0,0,0,False,False,False
00533.4bf72df6acf3c08c213584469484b0ed,False,False,True,0,0,0,0,1,12,False,False,True
00534.d17efd4b5f7baa6cf83684fef7cee08a,False,True,True,0,0,1,0,1,0,False,True,True
00537.c61f1e424853d045bd87415405cf8cfe,False,False,True,0,0,0,0,0,5,False,False,True
00538.46858b6122a85685022250db2f25b32a,False,False,False,0,0,0,0,0,0,False,False,False
00542.0cfed7997e72ff1084860d1d04dd9126,False,True,True,0,0,0,1,0,3,False,True,True
00548.f4dde895ab6df412dbd309ebe3cf1533,False,False,True,0,0,0,0,1,0,False,False,True
00549.7520259c1001cefa09ddd6aaef814287,False,False,False,0,0,0,0,0,0,False,False,False
00550.f7e75438e70eb4222c1a93fd190c8ce1,False,False,False,0,0,0,0,0,0,False,False,False
00551.26fe48f617edc23fa5053460d6bc7196,False,False,False,0,0,0,0,0,0,False,False,False
00555.75544646fbe1fd3cb3717fb02a72e824,False,False,False,0,0,0,0,0,0,False,False,False
00556.098b57f5108ba34d21825f176e492786,False,False,False,0,0,0,0,0,0,False,False,False
00557.01f1bd4d6e5236e78268f10a498c4aba,False,False,False,0,0,0,0,0,0,False,False,False
00559.f134a8ef403b9c3cc92f44a808a97403,False,False,True,0,0,0,0,1,0,False,False,True
00564.f041f313512dbafd79a80c565452c0ee,False,False,True,0,0,0,0,0,4,False,False,True
00566.9b3e6f0ed54a232fcf6533c75d5c218e,False,True,True,0,0,0,3,0,5,False,True,True
00567.9a792928197fff7a7a38aee412bf4a07,False,True,True,0,0,0,3,0,5,False,True,True
00568.9099cfcce869f4ecf337fc666f04c11d,False,True,True,0,0,0,1,0,3,False,True,True
00569.369bb86b7ae4572b2eba48e0b8daf0ea,False,False,False,0,0,0,0,0,0,False,False,False
00570.cc1a4d6cf41350cf10e2b588dacb2dff,False,True,True,0,0,0,2,0,12,False,True,True
00571.55308502c471ca21f3ce1aa0782fdba6,False,False,False,0,0,0,0,0,0,False,False,False
00572.4657e353354321dfd7c39c6a07a90452,False,False,True,0,0,0,0,1,0,False,False,True
00574.66c2cbfe0151a4a658cec4e67d6cab14,False,False,False,0,0,0,0,0,0,False,False,False
00576.0debec20687a7f7f2b58995db7604023,False,False,False,0,0,0,0,0,0,False,False,False
00577.0b1933615cd59d8348c899158d25f252,False,False,False,0,0,0,0,0,0,False,False,False
00578.c65d716f2fe3db8abc5deb3cbc35029c,False,False,True,0,0,0,0,2,0,False,False,True
00579.d94454f0e596c00bf22ce1f315427143,False,False,False,0,0,0,0,0,0,False,False,False
00580.c3b23134b4767f5e796d0df997fede33,False,False,False,0,0,0,0,0,0,False,False,False
00581.aacb2f971955bb5688c298776996bd64,False,False,False,0,0,0,0,0,0,False,False,False
00585.0cc56d33bcfde91ab75bf202e4684c4a,False,False,False,0,0,0,0,0,0,False,False,False
00586.6ffe1b192d01dc82c33e866ddabd2a79,False,False,False,0,0,0,0,0,0,False,False,False
00587.582e355efbb36f9a0d55997e093626ba,False,True,True,0,0,1,0,1,0,False,True,True
00588.44b644374b89ba4885f91f0ed836e622,False,False,False,0,0,0,0,0,0,False,False,False
00589.0dd634d12e5f4538e6fe74841ee0b603,False,False,False,0,0,0,0,0,0,False,False,False
00590.7a27fe75bf73486c1c1913f87aaddb4d,False,False,False,0,0,0,0,0,0,False,False,False
00591.962cc31322a42abd7ca205b62c56438e,False,True,True,0,0,1,0,2,0,False,True,True
00593.b0c2ee36cf966faf1b5239df81ec1f8d,False,False,True,0,0,0,0,1,0,False,False,True
00594.3381bb07fec959ae2285b219cc18eb62,False,False,False,0,0,0,0,0,0,False,False,False
00596.8be778a774ce76c30a7a42a07979bdbe,False,False,False,0,0,0,0,0,0,False,False,False
00599.d6d6a2edd58fa7dd6b18787e9867984b,False,False,False,0,0,0,0,0,0,False,False,False
00602.8b839b13833d7ca3abd6f6179ccc0286,False,True,True,0,0,1,0,2,0,False,True,True
00603.c76054a8ff1b75fb722602e567d2e7e1,False,False,False,0,0,0,0,0,0,False,False,False
00604.3dcf5f835dacff5d4a32a24eba31cbd2,False,False,False,0,0,0,0,0,0,False,False,False
00607.b5726a2ac74956ab9af0901379cdca5c,False,False,True,0,0,0,0,1,0,False,False,True
00608.bf7d77ef4f28552278f78a5aef71f0cf,False,False,False,0,0,0,0,0,0,False,False,False
00610.d78eda68ed03fa6890077bd4b805e16d,False,True,True,0,0,0,2,0,7,False,True,True
00614.974cdf353242f9286fbcc34673d9f28a,False,True,True,0,0,0,3,0,6,False,True,True
00617.f2097d6448725c371fd5f4154184ad3c,False,False,True,0,0,0,0,1,0,False,False,True
00618.3407355607b3c336ddee20b1435abf01,False,False,False,0,0,0,0,0,0,False,False,False
00619.8b327d9ed6741fb05ac4a180a5f776c6,False,False,False,0,0,0,0,0,0,False,False,False
00620.488299bafd542cdfa1a1fb98f00e6441,False,True,True,0,0,0,2,0,20,False,True,True
00621.170007c3357c44b6a794ea3f6ee0ac73,False,True,True,0,0,0,1,0,6,False,True,True
00622.7c8edc50203f6a2dc87e97e9eefddce7,False,False,True,0,0,0,0,1,0,False,False,True
00624.ac49070506c194c1fad5953ccd32731b,False,True,True,0,0,0,1,0,3,False,True,True
00625.e5b3f8bf55addb5884293af0826a7b33,False,True,True,0,0,1,0,1,0,False,True,True
00626.68be744b78b4378b5cbe8eb68f8a76e3,False,False,True,0,0,0,0,2,0,False,False,True
00627.4e9619c454da17a27d4a66c87583dd49,False,True,True,0,0,1,0,1,0,False,True,True
00636.ebef15c1828cb8d8bfc0e8b0ae5505c8,False,False,False,0,0,0,0,0,0,False,False,False
00642.f213f657ab630999a8d34c26060d79fc,False,False,True,0,0,0,0,1,0,False,False,True
00644.0f0a6c387d64887571426d7e28367947,False,False,False,0,0,0,0,0,0,False,False,False
00647.b0b1e3fce3450265e0e307a459ec4da6,False,False,False,0,0,0,0,0,0,False,False,False
00648.fa4e260a3fadd4ddb60a9ce8c3d7dd36,False,False,False,0,0,0,0,0,0,False,False,False
00650.f2fae77b8a66055149c5b899e9815c2a,False,False,False,0,0,0,0,0,0,False,False,False
00651.91e7858a180e7fa136c544c56e525b60,False,False,False,0,0,0,0,0,0,False,False,False
00654.65f25e01ad743dc13b1aaa366ffc6868,False,False,True,0,0,0,0,2,0,False,False,True
00655.db3781e31126e0d5dc09de092da8a2f0,False,False,False,0,0,0,0,0,0,False,False,False
00660.549ceaa9ca634dcdd5b6b86af193d3f1,False,False,True,0,0,0,0,1,0,False,False,True
00661.770f57d3856c84420410ee98751340f2,False,False,True,0,0,0,0,2,0,False,False,True
00662.58b714e07ae476b3d66fc7ff828a066e,False,False,True,0,0,0,0,1,0,False,False,True
00665.86f20f73c5ac6205b5b79f3877638ee5,False,False,True,0,0,0,0,1,0,False,False,True
00666.5461a90607998eba2c7d16b38b873ec1,False,False,False,0,0,0,0,0,0,False,False,False
00670.a3175dd0b4a1e1a26822c5fee6d6837b,False,True,True,0,0,0,3,1,34,False,True,True
00671.2f0813fb11358b8355a6202a8e7082e8,False,False,True,0,0,0,0,1,0,False,False,True
00672.d6ee6301b06bfa5afedd54a1bdd08abe,False,False,False,0,0,0,0,0,0,False,False,False
00674.e67bea8d6a30cd45e1efc5bc5dbf8b57,False,False,False,0,0,0,0,0,0,False,False,False
00680.e8df67f239cb166c5a8a78401eeeb1ba,False,True,True,0,0,1,0,1,0,False,True,True
00681.7a1b4ce11890cd701aaa16b22fc9bb38,False,False,False,0,0,0,0,0,0,False,False,False
00682.0160e510bf19faa60f78d415d4b9a3ee,False,True,True,0,0,1,0,1,2,False,True,True
00683.41038a20d4763e8042a811a03612bae4,False,False,True,0,0,0,0,1,0,False,False,True
00684.ac796b7588e9ca61a66ccbca7a90a796,False,False,False,0,0,0,0,0,0,False,False,False
00686.6dfe6229007c1215d41277fa66f80e66,False,False,True,0,0,0,0,1,0,False,False,True
00687.52860b94e6aec19d0286673d705facfe,False,False,False,0,0,0,0,0,0,False,False,False
00689.bc5bea61b7d13a69aba26169afe99d1e,False,False,False,0,0,0,0,0,0,False,False,False
00692.e886bd6ece727e1c1fdbae4dc4b60bb5,False,False,False,0,0,0,0,0,0,False,False,False
00693.6afadd2f5d9b7fd80f4e710589b4187c,False,False,False,0,0,0,0,0,0,False,False,False
00695.f79afe1f94217d0a2e6f983caf011b49,False,True,True,0,0,0,2,0,10,False,True,True
00696.91e6adc3241e8ea45f9d9670ad74df0e,False,False,False,0,0,0,0,0,0,False,False,False
00698.d754f7a62c2f8ce3f331e59ee0978205,False,False,False,0,0,0,0,0,0,False,False,False
00699.46c52d8e3b9db13ea2e9816f1c919961,False,False,False,0,0,0,0,0,0,False,False,False
00700.e9dbef7f0ce0dadccc9050b5e3a5709b,False,True,True,0,0,1,0,1,0,False,True,True
00702.ac95bc3f1e8943dd03fc78bebc0925ac,False,False,True,0,0,0,0,2,0,False,False,True
00704.30306e2e506ca198fe8dea2b3c11346a,False,False,False,0,0,0,0,0,0,False,False,False
00705.df125edb37f19c87784942c7b2b164a1,False,True,True,0,0,1,5,2,10,False,True,True
00706.5116018237368c3633823b2d24f8ac86,False,True,True,0,0,0,2,0,2,False,True,True
00708.89f1f9108884517148fdbd744e18ec1e,False,True,True,0,0,0,2,0,2,False,True,True
00711.75e5cd5b1ad023e0b50175e4dc5c781e,False,False,False,0,0,0,0,0,0,False,False,False
00712.8c3eca8af0dc686116aa7ea07fe3fa8f,False,True,True,0,0,0,5,0,10,False,True,True
00714.cd13d8db12cc1f661d6b2eb6fcbb5156,False,True,True,0,0,0,2,0,10,False,True,True
00715.ba1f144e98b423e35e3a61d464274732,False,False,True,0,0,0,0,1,0,False,False,True
00716.125a0992aa9fd11f5e7a8fa5a93a048e,False,True,True,0,0,0,2,0,13,False,True,True
00717.835c303709346693354e01b242ff22da,False,False,False,0,0,0,0,0,0,False,False,False
00718.2495a50c4eab3755f338b5fe589dd52d,False,False,True,0,0,0,0,1,0,False,False,True
00719.bf9933750646983c4ae5f98b6f06ec41,False,False,False,0,0,0,0,0,0,False,False,False
00720.da36f270fb9706505280338d9c22e80f,False,False,False,0,0,0,0,0,0,False,False,False
00722.1ec5e1f05520ad5119de960f77f965d1,False,True,True,0,0,0,3,0,4,False,True,True
00723.7d2f1e26ae8cbab862459e33db405be1,False,False,True,0,0,0,0,0,8,False,False,True
00734.0c1975b8c2b17fd6c665827706f89eaf,False,True,True,0,0,0,3,1,7,False,True,True
00735.474fd4bc103225c72fd82d88bba48e56,False,False,True,0,0,0,0,2,0,False,False,True
00737.af5f503fe444ae773bfeb4652d122349,False,False,False,0,0,0,0,0,0,False,False,False
00744.87dbfd6aeffb9dac274a89aa3df7e768,False,False,False,0,0,0,0,0,0,False,False,False
00746.f0fce8c4c17e53a0fe837a8c6cfe03c6,False,True,True,0,0,0,3,0,3,False,True,True
00747.801e88bae96047fb00593129ad02fdca,False,False,False,0,0,0,0,0,0,False,False,False
00749.9887b1d7cb21083c777b0623cfdb02af,False,False,False,0,0,0,0,0,0,False,False,False
00751.3158a29a29997cc16a69497399d90ca2,False,False,False,0,0,0,0,0,0,False,False,False
00753.c3032ff8329006ec6b39b6c821185b1c,False,False,False,0,0,0,0,0,0,False,False,False
00756.b68f9bcfd782a01a2ece132eccdcbbe9,False,False,False,0,0,0,0,0,0,False,False,False
00757.c2da75286819a139e27438ca5c5ba762,False,True,True,0,0,0,1,2,6,False,True,True
00758.13f37fcfbc515a7f7de269852fb7b842,False,False,True,0,0,0,0,1,0,False,False,True
00760.254b8986f3d7b6cbda1cc7ce16860e6c,False,True,True,0,0,0,3,0,8,False,True,True
00761.00d729b279723c9ae9d8f09e171db301,False,False,True,0,0,0,0,1,0,False,False,True
00762.e31568dff471c947d42869ae2f8f0779,False,True,True,0,0,1,0,1,0,False,True,True
00763.868a503063713b62fd5325513ba29761,False,False,True,0,0,0,0,1,0,False,False,True
00764.d81e084a6940b58fa3deabed038a7b9e,False,False,False,0,0,0,0,0,0,False,False,False
00765.cfd85d27a812054ddd5ee1fc7d881557,False,False,False,0,0,0,0,0,0,False,False,False
00766.ff1f266127aebe1fd285b9a211f34723,False,False,True,0,0,0,0,1,0,False,False,True
00767.6dc9c38495942ab7a08e9317d14eb77e,False,False,True,0,0,0,0,1,0,False,False,True
00768.9900419b1120aac5256e7b1ba0de2b1f,False,False,False,0,0,0,0,0,0,False,False,False
00769.b4477686a6ab2b52370e3f671ce9a016,False,False,False,0,0,0,0,0,0,False,False,False
00770.d68f06d3996c8876e17a45b3ec3a89b5,False,False,False,0,0,0,0,0,0,False,False,False
00771.e33fd0de6b6c763a697a4fba307091d0,False,True,True,0,0,0,4,1,14,False,True,True
00773.1ef75674804a6206f957afddcb5ed0c1,False,False,False,0,0,0,0,0,0,False,False,False
00774.bb00990ae11efeabd677cc2935f2281f,False,True,True,0,0,0,6,0,19,False,True,True
00775.f83fab6722ac0be1f4231f8fb3845007,False,False,True,0,0,0,0,0,10,False,False,True
00778.90e72cda6e62435fc03e4d91bbf78ca9,False,False,False,0,0,0,0,0,0,False,False,False
00780.9bba1736be4e930c0cb2dbc9e6cd1222,False,True,True,0,0,1,0,1,0,False,True,True
00783.a1d194b912e784ca6c4068b14791180f,False,False,False,0,0,0,0,0,0,False,False,False
00785.262ba178488e58bbea695befb45b05e2,False,True,True,0,0,0,1,1,13,False,True,True
00786.9b3de440d6969c3b911fc3ece3e155d2,False,False,False,0,0,0,0,0,0,False,False,False
00787.6ac0d6fe5aa9e89ee18e98ed8a556895,False,False,True,0,0,0,0,0,2,False,False,True
00788.b98a23c07d59156d172683fc29b80661,False,False,False,0,0,0,0,0,0,False,False,False
00789.ffe4e3c5dc50f5a9ac33a653b5f8b566,False,False,False,0,0,0,0,0,0,False,False,False
00792.7889a6082d13a885efadbd5c3576e15a,False,True,True,0,0,1,0,1,0,False,True,True
00793.f081690dc64c0e3bbe8c7198e9caaffc,False,False,False,0,0,0,0,0,0,False,False,False
00797.de032e70954eb1194f15870abc0f01a4,False,False,True,0,0,0,0,2,0,False,False,True
00799.23a850930770d537479280490fa6a412,False,False,False,0,0,0,0,0,0,False,False,False
00801.00fc164b0d3eabfded6c0dc24050dbb1,False,False,False,0,0,0,0,0,0,False,False,False
00803.2090e821380533ec5541d61fdbdac8e8,False,False,True,0,0,0,0,1,0,False,False,True
00804.57b0c0216c40c2b3bb2743a8cb05f2d6,False,False,True,0,0,0,0,1,0,False,False,True
00805.af972b92b6ba79eb4d44ff76835ebd89,False,True,True,0,0,0,3,1,11,False,True,True
00806.0595ba2c9bfae214645880fe39e17f4e,False,False,False,0,0,0,0,0,0,False,False,False
00808.c072069806eb82f9aaf8d21d39789ea6,False,False,False,0,0,0,0,0,0,False,False,False
00809.b657c1ead5a2b2307e3a887b19b9ce91,False,True,True,0,0,0,1,0,4,False,True,True
00813.33bf420f192b90e27c45d3053ecbc6d4,False,False,False,0,0,0,0,0,0,False,False,False
00814.6b37fa2239e8c84e2237c4b156e16d81,False,False,False,0,0,0,0,0,0,False,False,False
00821.b64c27e913e301f038ebfaa433f16f35,False,False,True,0,0,0,0,1,0,False,False,True
00822.582f541f39bb9e92cb1262875d3a9fca,False,True,True,0,0,0,5,0,14,False,True,True
00823.3d9f1b6009bf0700ee956641cc6077a4,False,False,False,0,0,0,0,0,0,False,False,False
00825.decb3677f0081756d55f12d70b59a4e4,False,False,False,0,0,0,0,0,0,False,False,False
00826.01ebf3d0e89c1cec3528f9c0950b63d1,False,True,True,0,0,0,7,0,16,False,True,True
00831.630c53b642a54592bd4fb097ba4e88b0,False,True,True,0,0,0,5,0,12,False,True,True
00832.0d3ac1ac07d86394e068a3b84782ca4c,False,False,False,0,0,0,0,0,0,False,False,False
00834.34db0196aab30fd0883426467c18ed5c,False,False,False,0,0,0,0,0,0,False,False,False
00835.a6e29a3e3680377daea929a8ce0b0814,False,False,False,0,0,0,0,0,0,False,False,False
00836.2de57b8c930cb4970fbc646ed4c857e8,False,True,True,0,0,1,0,1,0,False,True,True
00837.cd8b2390b71566631221ad3660b835e9,False,False,False,0,0,0,0,0,0,False,False,False
00839.35a9240a97695fd8ef777c6a1ccd3b18,False,False,False,0,0,0,0,0,0,False,False,False
00844.83d47c6cf6ac8af6fbb171cf4fa6b109,False,False,False,0,0,0,0,0,0,False,False,False
00846.ed1959ae9b519ac6b944875b47497731,False,False,False,0,0,0,0,0,0,False,False,False
00847.66519123491302ba0e634d5c69644e3d,False,True,True,0,0,0,3,1,6,False,True,True
00848.1fe2e3c6535ebd22e457a3de8e5508b9,False,False,False,0,0,0,0,0,0,False,False,False
00849.a1bd18d80b0531de33b9e83cd14f79f2,False,False,True,0,0,0,0,0,2,False,False,True
00850.f57827e297da1c01fe028cfc01e20361,False,False,False,0,0,0,0,0,0,False,False,False
00851.dc5452f80ba0bb8481dfc48f70380c4d,False,False,True,0,0,0,0,1,0,False,False,True
00852.82d02cfb0bf0d41ac2884dcf11efd224,False,False,True,0,0,0,0,1,0,False,False,True
00853.ee1fe2f2d16e8b27be79a670b8597252,False,False,False,0,0,0,0,0,0,False,False,False
00854.67c918e6654e70a0ed955afdf1ad81ed,False,True,True,0,0,0,1,0,9,False,True,True
00855.0d1b1b55419a3c35f19b7c35ea9a46b7,False,True,True,0,0,0,3,0,6,False,True,True
00856.fae2faa8ad9dffc157f5f17e5be0f057,False,False,True,0,0,0,0,1,0,False,False,True
00857.fa8ec422479af911a9a9f69c39b7a96f,False,False,False,0,0,0,0,0,0,False,False,False
00860.f1651a6a5f33bafe34e23afeacf85eb1,False,False,False,0,0,0,0,0,0,False,False,False
00862.d930739c4303f999fe161ddb0e14f4a5,False,False,True,0,0,0,0,1,0,False,False,True
00866.75636e43a97c4a778325383ae5bb3e6e,False,False,False,0,0,0,0,0,0,False,False,False
00867.837631a8172cf448af7e15d4bedba95e,False,False,False,0,0,0,0,0,0,False,False,False
00868.76cd0137b596a4e0c0e3ae3e416479aa,False,False,False,0,0,0,0,0,0,False,False,False
00869.f81e5e18fca8debeb53ec8581e902987,False,False,False,0,0,0,0,0,0,False,False,False
00870.ecbb85c7b91446c971762de0b9735b4d,False,True,True,0,0,0,2,0,5,False,True,True
00872.f50d5fd1a37e535e0a0adb223ef40f36,False,False,False,0,0,0,0,0,0,False,False,False
00876.f61ec69c2872eb398ba3860a13a17b15,False,False,False,0,0,0,0,0,0,False,False,False
00877.98d4bfaa6f6c0a303d80544b39d7dc66,False,False,False,0,0,0,0,0,0,False,False,False
00878.47676ab279418e3e1ef3f5948eda4f66,False,False,False,0,0,0,0,0,0,False,False,False
00879.ef1461ca38091f6d494c58d09b0627f0,False,True,True,0,0,0,6,1,21,False,True,True
00880.f1a18307c9d2a5ccf7a7a2318bdb0509,False,False,False,0,0,0,0,0,0,False,False,False
00882.28bbc4ccfb80f32d4fe7df3ab77afb41,False,True,True,0,0,0,6,1,21,False,True,True
00884.2fef7c7ca7dc3fadaa84d7bbfddd6324,False,True,True,0,0,0,2,0,5,False,True,True
00886.9bd2063c3d984a66958a6195ffb97849,False,True,True,0,0,1,7,1,19,False,True,True
00888.6219edfbe560d4320b9d2e87fe92b639,False,False,False,0,0,0,0,0,0,False,False,False
00900.a5f6355af8a1891e683898c5b549e565,False,False,False,0,0,0,0,0,0,False,False,False
00904.8f93ecb6172ee1feba7b4248c48b9ef5,False,False,False,0,0,0,0,0,0,False,False,False
00905.8dcb590481d3e3c04d03506100c59497,False,False,False,0,0,0,0,0,0,False,False,False
00906.bd0b0986deaf717b1f1a689fd950b97c,False,False,False,0,0,0,0,0,0,False,False,False
00909.be44baf9966a96b2154b207cc56fe558,False,False,False,0,0,0,0,0,0,False,False,False
00910.49da3099938f292733872f1e59c8c460,False,False,False,0,0,0,0,0,0,False,False,False
00911.4332049ae6031c5a39ecefdc807961a4,False,False,False,0,0,0,0,0,0,False,False,False
00913.2c4aa5dfdd0ecb0331c674b73f40e924,False,False,False,0,0,0,0,0,0,False,False,False
00914.b4f1e9f517f85e68f8326f3a1525ebc2,False,True,True,0,0,0,5,0,15,False,True,True
00915.2f47eee6061e3c631bd51649050b6b02,False,False,False,0,0,0,0,0,0,False,False,False
00917.8b2f6c25f3f70a6ef94d5f7f9a505c90,False,False,True,0,0,0,0,1,0,False,False,True
00918.5674181d00a5130b030a6621ccec0819,False,True,True,0,0,1,0,2,0,False,True,True
00920.1534b1c21a196693709357a2a93cacdd,False,False,True,0,0,0,0,1,0,False,False,True
00921.548fb6dd2244c2fe87079df9652ddc2c,False,False,False,0,0,0,0,0,0,False,False,False
00923.5b3a8bf0da33c8902281667d57657cb3,False,False,False,0,0,0,0,0,0,False,False,False
00926.c6a5ef577e62317b785c4511b7f5c94e,False,False,False,0,0,0,0,0,0,False,False,False
00927.9505a4791424d2a96af8d75baeaa7f58,False,False,False,0,0,0,0,0,0,False,False,False
00928.eb16be370343cac1476fcde9bf0a1f32,False,False,False,0,0,0,0,0,0,False,False,False
00929.008a60368b7623f11c7bb95826eb7366,False,False,False,0,0,0,0,0,0,False,False,False
00930.4e807b43e671cf853ff61ec4bef6233d,False,False,False,0,0,0,0,0,0,False,False,False
00931.7b2a622b02577c92587db22228e6e180,False,False,False,0,0,0,0,0,0,False,False,False
00932.346c06844805110e9433969f38effc2a,False,False,False,0,0,0,0,0,0,False,False,False
00933.751d91a92c5f2a40baf68615e49b3fc2,False,False,True,0,0,0,0,1,0,False,False,True
00935.64a85d481bc17b3b61da7861f9a4d0a3,False,False,False,0,0,0,0,0,0,False,False,False
00938.cdac5333fc78f7128fd8f2905fe4b89b,False,True,True,0,0,1,0,1,0,False,True,True
00942.657397d701fe92368dd144bec09d7812,False,False,False,0,0,0,0,0,0,False,False,False
00943.41b19a950ac03c2df9e33ab75ad595d1,False,False,False,0,0,0,0,0,0,False,False,False
00944.fbc64dd9cbcbc201d82256821978f318,False,False,False,0,0,0,0,0,0,False,False,False
00945.cd333ea4e3a619e54e63e621e56b324a,False,False,False,0,0,0,0,0,0,False,False,False
00948.674250d39ae9ea6d1c054fd6f7b52cee,False,True,True,0,0,0,1,0,18,False,True,True
00949.690398fb3aa163317614dc81757c23ef,False,False,False,0,0,0,0,0,0,False,False,False
00950.e81e3e0c71ce03c260550662a5e740c3,False,False,False,0,0,0,0,0,0,False,False,False
00951.f7044a1b178dc3dcff44932f840b8805,False,True,True,0,0,0,7,0,30,False,True,True
00955.0e418cf2dca0e0ac90fcaf35f5cedbc3,False,False,False,0,0,0,0,0,0,False,False,False
00957.ffe295aaf7f9759344cc8736461cf238,False,False,False,0,0,0,0,0,0,False,False,False
00959.016c91a5c76f15d7f67b01a24645b624,False,False,False,0,0,0,0,0,0,False,False,False
00960.ae114c0b717c866b821efe032780a8e5,False,False,False,0,0,0,0,0,0,False,False,False
00961.906824c03316794c12a95717d0b817e7,False,False,False,0,0,0,0,0,0,False,False,False
00964.59eef46bf356dffc1102aba1dc34f4ca,False,False,False,0,0,0,0,0,0,False,False,False
00965.2003cb62905ba569e7599826ed228c94,False,False,False,0,0,0,0,0,0,False,False,False
00966.570877c2104eb9779a27bec3f18c7ee3,False,False,False,0,0,0,0,0,0,False,False,False
00967.8098170f3b629df0fc0b8324445929c2,False,False,True,0,0,0,0,1,0,False,False,True
00968.d86fe0eb3bc78b724306380b63f82073,False,True,True,0,0,0,8,0,18,False,True,True
00969.636d340655d05418edc2d1cd2ca05b72,False,False,False,0,0,0,0,0,0,False,False,False
00974.307336f4e396d31c49a3d19a56029420,False,False,True,0,0,0,0,1,0,False,False,True
00977.6b7587a392363b73c8312b72b4972c24,False,False,False,0,0,0,0,0,0,False,False,False
00980.39382e3a94065f3f8c709e874d8f3827,False,False,False,0,0,0,0,0,0,False,False,False
00981.341055ba05d9538a59e3533422bfd212,False,False,False,0,0,0,0,0,0,False,False,False
00982.2bd2b529b2df97e4e6c47edc6a272115,False,False,False,0,0,0,0,0,0,False,False,False
00983.753f8ed9cf897cce13c3d5358f2d77d4,False,False,True,0,0,0,0,1,0,False,False,True
00985.13d06699ecd95078655fa3d24e3b6d03,False,False,False,0,0,0,0,0,0,False,False,False
00986.d5cdaddf809832f37d3d0ecd2ea781ff,False,False,False,0,0,0,0,0,0,False,False,False
00987.8484b70619c4be1cc4afed570490de26,False,False,False,0,0,0,0,0,0,False,False,False
00988.464959d4fcdd919a51e6220a909eb41c,False,False,False,0,0,0,0,0,0,False,False,False
00989.fc0fb4f524ee3a0879d74b0034cd7398,False,False,False,0,0,0,0,0,0,False,False,False
00990.e0282a91be0479aeadc4ee580bf21ded,False,False,False,0,0,0,0,0,0,False,False,False
00991.640530b39770c84b4f79c4b26bb47cbd,False,False,True,0,0,0,0,0,1,False,False,True
00992.7ea3c8959f6bc59e6f64fa7822aae1b5,False,False,False,0,0,0,0,0,0,False,False,False
00994.228b5746d5f0e44e436fbc0203b3c67a,False,False,True,0,0,0,0,1,0,False,False,True
00995.694aa424a2433d32b9e4997edeeed9b2,False,True,True,0,0,0,5,0,15,False,True,True
00996.cf51353ead421aa3c419ad3d42eb9f7f,False,True,True,0,0,0,5,0,14,False,True,True
00997.1af0dbebf63194440c102044a04ee752,False,False,True,0,0,0,0,1,0,False,False,True
00998.92da52a65a4d039a6b9c02b0d65a1bbf,False,False,True,0,0,0,0,1,0,False,False,True
01000.a6f26937625654510b0e5442d24f0e46,False,False,True,0,0,0,0,2,5,False,False,True
01002.406c1c709e49cb740f0ce36ebf2d5c78,False,False,False,0,0,0,0,0,0,False,False,False
01003.d15cfb579697f595c4aff7197433cd72,False,False,False,0,0,0,0,0,0,False,False,False
01004.f3ce5cdf52dbe7ed22354f1ab95376d6,False,False,False,0,0,0,0,0,0,False,False,False
01005.57464e29367579f95dd487c9b15eb196,False,False,False,0,0,0,0,0,0,False,False,False
01006.51548cae04a891d900aa5be21c121548,False,True,True,0,0,0,5,0,26,False,True,True
01012.47b3508146cb115f6e00802d03c8df81,False,True,True,0,0,1,0,1,0,False,True,True
01013.c6cf4f54eda63230389baccc02702034,False,True,True,0,0,1,0,1,0,False,True,True
01015.814d23a39e0a68a8706ef9b1ce2c7791,False,False,False,0,0,0,0,0,0,False,False,False
01017.11a80131a2ae31ad0a9969189de3c2bb,False,False,False,0,0,0,0,0,0,False,False,False
01020.291c3b0685eedf6178cc323bb8e2ce55,False,False,False,0,0,0,0,0,0,False,False,False
01021.8e30e6b936bfbdc8528c50d4a3ca378c,False,True,True,0,0,0,3,0,10,False,True,True
01022.55c9eda45ef3de55b8c27c214a1fc305,False,True,True,0,0,0,1,0,2,False,True,True
01024.5b32720b2ad57ee16bd959a5cf58f575,False,False,False,0,0,0,0,0,0,False,False,False
01026.dffc6a0b029914be9fc6ef23570dad14,False,True,True,0,0,1,0,1,0,False,True,True
01027.e7f8a2bbbe9c2dd13e142c49cc87a6c9,False,False,False,0,0,0,0,0,0,False,False,False
01028.e52964252ea2dd1e08251f83c76db32e,False,False,False,0,0,0,0,0,0,False,False,False
01030.2f9d18088877f028b4ebcb3961e76354,False,True,True,0,0,1,0,1,0,False,True,True
01031.f8f0ee32c41a34cb5e4744d18d3ed76e,False,False,False,0,0,0,0,0,0,False,False,False
01032.99fb105a98e0192bfc987bd3c31f6672,False,False,False,0,0,0,0,0,0,False,False,False
01033.2af876341f85de2a7f501b8dd0248cd6,False,False,False,0,0,0,0,0,0,False,False,False
01034.925db77dafa8bdaae1cb31e2ed3b05a4,False,False,False,0,0,0,0,0,0,False,False,False
01036.87c1f0b55cb48bd36c8863cf700cd485,False,True,True,0,0,0,1,0,9,False,True,True
01037.3512597a838a3eaf3149924386ef9fd3,False,False,False,0,0,0,0,0,0,False,False,False
01038.95ce9be665025f2ab826870d509337c6,False,False,False,0,0,0,0,0,0,False,False,False
01041.1ece6e061e80e648c8156d52decd0610,False,True,True,0,0,0,2,0,9,False,True,True
01048.a8581a98e46532472fe74772b6e3477a,False,False,False,0,0,0,0,0,0,False,False,False
01049.621d66148b023203d9010ee5df12ddd1,False,False,False,0,0,0,0,0,0,False,False,False
01050.f18a04fd3f7cf3e60483c3420bff5417,False,False,False,0,0,0,0,0,0,False,False,False
01052.223738f00502f5dd7f86dd559af8f795,False,False,False,0,0,0,0,0,0,False,False,False
01053.2ec9e69df620c85e3c7c6f61ce199a3c,False,True,True,0,0,1,0,4,0,False,True,True
01057.b3913dec24f1b61e2ff45e30cdbb8fcd,False,False,False,0,0,0,0,0,0,False,False,False
01058.c5bf6182a887f342973383823dd22d0c,False,False,False,0,0,0,0,0,0,False,False,False
01059.3bb25dd5704c3e29081ef39c7cb0a200,False,False,False,0,0,0,0,0,0,False,False,False
01063.e0318e91412291f881f315287050abe4,False,True,True,0,0,0,1,0,1,False,True,True
01064.50715ffeb13446500895836b77fcee09,False,False,False,0,0,0,0,0,0,False,False,False
01065.9ecef01b01ca912fa35453196b4dae4c,False,False,False,0,0,0,0,0,0,False,False,False
01066.478a604e348bea75b5eaaf3ef47ab526,False,False,False,0,0,0,0,0,0,False,False,False
01068.c9e00ffce33545a1d87512a1a854e104,False,False,False,0,0,0,0,0,0,False,False,False
01069.a8cdf944083398c026db401b13908ef9,False,False,True,0,0,0,0,1,1,False,False,True
01070.a291bc8d0cf917e3139a9caca2759cdc,False,False,False,0,0,0,0,0,0,False,False,False
01072.ac604802c74de2ebc445efc827299b96,False,False,False,0,0,0,0,0,0,False,False,False
01074.d22922a762aea4d5a5aa2615e144585a,False,True,True,0,0,0,1,0,3,False,True,True
01076.7f524e1d3f1523e22d754ce5d4a27ae6,False,True,True,0,0,0,1,0,3,False,True,True
01077.526ad4ce12f3ef73a4b4eae0f211e2c9,False,False,True,0,0,0,0,0,1,False,False,True
01078.58e6f465de71680b96d9d750b7200a59,False,False,False,0,0,0,0,0,0,False,False,False
01080.d8ed30c7817d6b4b3b6ce947f31cc8d4,False,True,True,0,0,0,1,0,5,False,True,True
01081.1107d4183b8f5e41d7a31ac4ef4435ca,False,False,False,0,0,0,0,0,0,False,False,False
01082.9f69cd26a420837850841e71d6147a57,False,True,True,0,0,0,1,0,5,False,True,True
01085.0deb0d9335e8db6cbf1021ae3c62198c,False,False,True,0,0,0,0,1,1,False,False,True
01086.158c29f51d36d79ababf4377b5b3f1d2,False,True,True,0,0,0,3,0,8,False,True,True
01087.1e2be9287da9292b2553aaceaab8900b,False,False,False,0,0,0,0,0,0,False,False,False
01088.9e2ddb068a1c044b31f2285a9009f15d,False,True,True,0,0,1,0,1,0,False,True,True
01089.b5c513eca6f77a1dcd75d69d5974c583,False,False,False,0,0,0,0,0,0,False,False,False
01090.f77045f7bebb48fae60c50d056c09fcd,False,False,False,0,0,0,0,0,0,False,False,False
01091.47ee797e486dba9a3c15536dc379b2e5,False,False,True,0,0,0,0,1,0,False,False,True
01092.7a97a1db89c8b78df9cb59aa0d0b1fb4,False,False,True,0,0,0,0,1,0,False,False,True
01093.58b9c5035d2291301ff2d0e9c36b0670,False,False,False,0,0,0,0,0,0,False,False,False
01096.ccf870cba7e6618b610f8a2f2c2f08f6,False,False,True,0,0,0,0,1,0,False,False,True
01097.98d732b93866d13b0c13589ae2acc383,False,True,True,0,0,0,1,0,6,False,True,True
01098.4ea844b47fbe9b09a9cb7bbdb96ed3dc,False,True,True,0,0,1,0,1,0,False,True,True
01099.f33c6cb5a233f19e1dc1956871c50681,False,False,False,0,0,0,0,0,0,False,False,False
01100.3db9aa127f49e790a5f2765a8f9724f2,False,False,False,0,0,0,0,0,0,False,False,False
01101.6be2b8888ba7eda6f05de43c4c2cf152,False,False,False,0,0,0,0,0,0,False,False,False
01102.823fb9065f0dadccb76633810487a19c,False,False,False,0,0,0,0,0,0,False,False,False
01108.0a4bf099b98c488b65e8d6ca685d6867,False,True,True,0,0,0,1,0,5,False,True,True
01110.0ca5bbd9e775a3c44ff965f301feaae2,False,False,False,0,0,0,0,0,0,False,False,False
01112.ded20e59cd4ac9ad9607ce6cfe268ecc,False,False,True,0,0,0,0,1,0,False,False,True
01113.75ded32e6beb52dec1b6007dc86b47bb,False,True,True,0,0,1,3,1,11,False,True,True
01116.3aab7bf5532577432137e263d3674a9a,False,False,False,0,0,0,0,0,0,False,False,False
01118.db60fc08987ac4bdaf96ab4e1c83eafe,False,True,True,0,0,0,4,0,13,False,True,True
01120.853b87a34ab28efd22d9851702b2f9c5,False,True,True,0,0,0,2,0,4,False,True,True
01123.91470734d764b1bdfb671a7d3b0d7ffa,False,False,False,0,0,0,0,0,0,False,False,False
01124.978b767962c91cc5c173cc4044b4658a,False,False,False,0,0,0,0,0,0,False,False,False
01125.46ca779f86e1dd0a03c3ffc67b57f55e,False,False,False,0,0,0,0,0,0,False,False,False
01126.885594cda2fc4ae620bea1ea8ceee585,False,False,False,0,0,0,0,0,0,False,False,False
01127.5b6f6b674dc0dd99f225bee3d7b32e9e,False,False,True,0,0,0,0,1,0,False,False,True
01128.b5c07ad0588fd8c87443755fba93d71b,False,False,False,0,0,0,0,0,0,False,False,False
01129.c03bff072108e33b6f5d1c3858c940f4,False,True,True,0,0,1,3,1,11,False,True,True
01131.c9bb07673bf9f048916cd2b9b1813724,False,True,True,0,0,0,6,0,14,False,True,True
01134.b81ac3ffcbb28b809a471f521d15f14d,False,False,True,0,0,0,0,1,0,False,False,True
01136.c83cd4b22c068706900cdf339553caff,False,False,False,0,0,0,0,0,0,False,False,False
01137.7c5ed50fcc83a610928b75e158ca5554,False,True,True,0,0,0,1,0,4,False,True,True
01138.21608a055666b8a00c1945bb2a740190,False,False,False,0,0,0,0,0,0,False,False,False
01139.ff436c8a190e4424c602ef5c78402c06,False,False,False,0,0,0,0,0,0,False,False,False
01140.c37701901dbb63bc34e8db544f431557,False,False,True,0,0,0,0,1,0,False,False,True
01141.9771b6eb9a19ad26816825c9d190831d,False,False,True,0,0,0,0,1,0,False,False,True
01144.94d2d4f5dfefab34c1370aec38d470eb,False,False,False,0,0,0,0,0,0,False,False,False
01147.50120ae9e4f1745bf7a4178b52cd95ca,False,False,True,0,0,0,0,1,0,False,False,True
01148.895a24adac0c121c15735c34fed5c7c4,False,False,False,0,0,0,0,0,0,False,False,False
01149.9d2ea1122caa150f5c5c98ac98fd9408,False,False,True,0,0,0,0,1,0,False,False,True
01151.e295c81d698d58f43f17bde22076cbef,False,True,True,0,0,0,8,1,40,False,True,True
01152.3cd924b7f65e2085150c613cfe2b8c42,False,True,True,0,0,0,1,0,4,False,True,True
01154.dc96d527593e053228ad2b9111e8ad36,False,True,True,0,0,0,1,0,4,False,True,True
01156.5a3a6bdccf5df42348f22cada73a1b12,False,False,True,0,0,0,0,1,0,False,False,True
01159.ff9629cf51f03cb35075a51950e73a4d,False,False,False,0,0,0,0,0,0,False,False,False
01160.13829f56f0b8eb2d461ad8602a94a80e,False,True,True,0,0,0,9,2,35,False,True,True
01161.174f2cb358ca3f08f4308f87ca64842f,False,True,True,0,0,0,3,0,6,False,True,True
01162.560591cd20305a373803c3e291e910a5,False,False,False,0,0,0,0,0,0,False,False,False
01164.55202a4234914b20004dc7f9264313e5,False,False,False,0,0,0,0,0,0,False,False,False
01166.f0c4605d98cf51b7eeb81bb6072fee3d,False,True,True,0,0,0,3,0,21,False,True,True
01168.c4a3b7ac6d07798d651af84ea5d9b360,False,False,True,0,0,0,0,1,0,False,False,True
01170.0f6cbb8149f3e19d1b3054960e2cceb5,False,True,True,0,0,0,1,1,13,False,True,True
01171.c91e65355a41f43a34bd39be31bd1626,False,False,True,0,0,0,0,1,0,False,False,True
01172.cc7a00858cafd43ad994a3f1a42a5434,False,True,True,0,0,0,4,1,21,False,True,True
01175.345310fe11adb25711a3f95d1c88aa5c,False,False,False,0,0,0,0,0,0,False,False,False
01178.3a000edf71d5d6d61c31e94e12cbd21e,False,False,False,0,0,0,0,0,0,False,False,False
01179.6ee962bd413cb11865cd06c4be725c5e,False,True,True,0,0,0,1,1,6,False,True,True
01180.e8f2a113a0c6e413929162543819aa11,False,False,False,0,0,0,0,0,0,False,False,False
01182.209dbb3bedae1ecd5ed23fb03049244e,False,True,True,0,0,0,2,0,10,False,True,True
01183.1686c7ca72908096192dc3ebcde515d9,False,True,True,0,0,0,2,0,10,False,True,True
01184.5216074bef5bb01e0b1301d375283c51,False,True,True,0,0,1,0,1,0,False,True,True
01185.e4a109756aa79e984529e2fb737857ab,False,False,True,0,0,0,0,0,5,False,False,True
01186.a323fbbb1fbb04737201f2eb73b7e663,False,False,False,0,0,0,0,0,0,False,False,False
01187.b47cd7a45a24f56a6908519e1c37e75a,False,False,False,0,0,0,0,0,0,False,False,False
01188.67d69a8d6e5c899914556488c8cbd2c9,False,False,False,0,0,0,0,0,0,False,False,False
01190.04029d5cadc5b15d91cfed47a7a2e94d,False,False,False,0,0,0,0,0,0,False,False,False
01191.3a3ed1eb843a56504a4b40a25a63f97f,False,False,False,0,0,0,0,0,0,False,False,False
01194.856467d118d99f873794faaf151a524b,False,False,False,0,0,0,0,0,0,False,False,False
01196.b4567843ec0343475dfcb5da7bd9c41f,False,False,False,0,0,0,0,0,0,False,False,False
01197.f88c038612948f3fa023ac83db2e2ce5,False,True,True,0,0,0,2,1,4,False,True,True
01198.da6821edae608ba753c85e1a7436219b,False,False,False,0,0,0,0,0,0,False,False,False
01200.6d388843b6ffefafaf7b3093ca28a740,False,True,True,0,0,0,2,0,9,False,True,True
01201.471d379a63806032b2c3978838b83e61,False,False,False,0,0,0,0,0,0,False,False,False
01202.4ec06d178a19d7972daf54bc3ba958ff,False,False,True,0,0,0,0,1,0,False,False,True
01204.75323a3e0d38fe7a107bd0102daf6f26,False,False,False,0,0,0,0,0,0,False,False,False
01205.47d139ac094945ae2630efb896dc4b43,False,False,True,0,0,0,0,1,0,False,False,True
01206.b769233047fc696cc02ece9629190b42,False,True,True,0,0,0,2,0,9,False,True,True
01207.c24e5ee957e060ad511b5d2b875ff222,False,False,False,0,0,0,0,0,0,False,False,False
01208.6e10d44b4339eacb5db69d1afabae907,False,True,True,0,0,0,2,0,5,False,True,True
01209.01df2f8f68a70062085ef787973f9ba0,False,False,True,0,0,0,0,1,0,False,False,True
01210.3315bbc34ab0c51f53ee13e0dc6ccaec,False,False,True,0,0,0,0,1,0,False,False,True
01212.216774fff566f005d1ef404eda7925e2,False,False,False,0,0,0,0,0,0,False,False,False
01214.973b4598b630a989967ff69b19f95d4a,False,False,False,0,0,0,0,0,0,False,False,False
01217.d5a1734ec521c1bd55270eca3ab4acd8,False,False,False,0,0,0,0,0,0,False,False,False
01219.db22b96619e848e2c9825ebb710897fe,False,False,False,0,0,0,0,0,0,False,False,False
01221.baf498fd213b8bc77b9dbfb13c1a6968,False,False,False,0,0,0,0,0,0,False,False,False
01222.86831c8b346812d6526d6ddc7d3eb185,False,False,True,0,0,0,0,1,0,False,False,True
01224.5ec7daa5c1c540ce6be17e1afbef2a86,False,False,False,0,0,0,0,0,0,False,False,False
01226.4aaf4e328bd55191a1c46bc374069048,False,False,True,0,0,0,0,0,3,False,False,True
01227.04a4f94c7a73b29cb56bf38c7d526116,False,False,True,0,0,0,0,0,1,False,False,True
01228.620009080894d11703ee91367628d633,False,False,False,0,0,0,0,0,0,False,False,False
01229.bec63972cefbe62bb371ad659cd8563a,False,False,False,0,0,0,0,0,0,False,False,False
01231.2a56f1f52d4da9f83870deb4b7e68acb,False,False,False,0,0,0,0,0,0,False,False,False
01233.010677fced50f4aecb67fba70701bcf5,False,False,False,0,0,0,0,0,0,False,False,False
01235.2e8191ab7ddffa2290e04f9ce0422041,False,False,False,0,0,0,0,0,0,False,False,False
01238.32c2cef2a001f81d237017d243bad8e4,False,False,False,0,0,0,0,0,0,False,False,False
01239.5b4a6a500921ae2a53da84bc99d91414,False,False,False,0,0,0,0,0,0,False,False,False
01241.0ea43b4457c3a0b85f7ab4d1bb4ac17e,False,False,False,0,0,0,0,0,0,False,False,False
01243.0676aa0a6a02e5a0373d387b89af0e07,False,True,True,0,0,0,1,0,1,False,True,True
01244.9ef966101737a6fc27d8965def288d70,False,False,True,0,0,0,0,1,0,False,False,True
01245.ce437204a2dfc9109003491e7812fc7f,False,False,True,0,0,0,0,1,0,False,False,True
01246.d0ee9c7ebf9d953b21de9414cc96c2f9,False,False,True,0,0,0,0,0,1,False,False,True
01247.f8e666a378e596a26a6947268a711c97,False,False,False,0,0,0,0,0,0,False,False,False
01248.27ec44a84866375481998caed54df8c0,False,True,True,0,0,0,2,0,9,False,True,True
01249.5dc5d720da4495b0606f3a19722ea6b1,False,False,False,0,0,0,0,0,0,False,False,False
01251.732693934f4ae61749224eaf9f19c973,False,False,False,0,0,0,0,0,0,False,False,False
01254.2c2055d2ef2995122c3babea81fe54b9,False,False,False,0,0,0,0,0,0,False,False,False
01257.f5908ef0550cdf91bd6ae55120ecb5ce,False,True,True,0,0,0,1,1,4,False,True,True
01258.209beaa19098071457a3f7259d6883dc,False,False,False,0,0,0,0,0,0,False,False,False
01261.0d7a6fa74b73f80f62fe11267eeaa956,False,False,False,0,0,0,0,0,0,False,False,False
01262.24bce3d7a8a92bc6d970cf80f0d21660,False,False,False,0,0,0,0,0,0,False,False,False
01264.52c303d4e65ae6c83bedb1dc8db0d0c7,False,False,False,0,0,0,0,0,0,False,False,False
01265.891c503096bc7f8f3345a40e82f1bf5a,False,False,True,0,0,0,0,1,0,False,False,True
01268.626ef5e5fa30314816e0f049ea03bd9f,False,False,False,0,0,0,0,0,0,False,False,False
01269.aa905c10b8358328fb77d2f900e4491f,False,False,True,0,0,0,0,1,0,False,False,True
01271.c74d2888efc2f1897ee890001abf05e7,False,False,False,0,0,0,0,0,0,False,False,False
01272.ae29c7d7f5acfc747cf55082aa628a40,False,True,True,0,0,0,6,0,14,False,True,True
01276.9e932f3e2497f91aec7f1a8b0aabe200,False,False,False,0,0,0,0,0,0,False,False,False
01278.bdafbd6059108bbd9973fe8ea0aee62e,False,False,False,0,0,0,0,0,0,False,False,False
01279.56199c85479893dea5fa233e9598b7c3,False,True,True,0,0,1,3,1,11,False,True,True
01283.e120df13e515b3cd7f0a14e21c9bf158,False,False,False,0,0,0,0,0,0,False,False,False
01285.4bc4cabd8d963b1e33bb56aaaf191328,False,False,False,0,0,0,0,0,0,False,False,False
01288.ffe370e3a92a1861533330da51edcb49,False,False,False,0,0,0,0,0,0,False,False,False
01289.2f9168490b8c45e76af4935b4827f702,False,False,True,0,0,0,0,1,0,False,False,True
01291.4fee8a2f5fb6dce4e775b054282b6a71,False,True,True,0,0,0,1,0,6,False,True,True
01293.1073233e92a1fb8808e384cbc0d60e58,False,True,True,0,0,1,2,1,8,False,True,True
01294.1b87da1a627d8b8f126839dad1220a1c,False,False,True,0,0,0,0,0,7,False,False,True
01295.7cea2d55caf3dfae98b350e67a431e35,False,True,True,0,0,1,0,2,0,False,True,True
01299.0eab794ad20a8b32dfa3d6e3fedc1b31,False,False,True,0,0,0,0,1,0,False,False,True
01301.91269fd2b14a1fa0f183ca60953b99af,False,False,False,0,0,0,0,0,0,False,False,False
01302.6e23012bc215fef128943c14c7d2c83f,False,False,False,0,0,0,0,0,0,False,False,False
01304.114140cd4c51e9795559b974964aa043,False,False,True,0,0,0,0,1,0,False,False,True
01306.d37be8871ac501758c6854fbef9cbdd2,False,True,True,0,0,2,0,2,0,False,True,True
01307.270e0fd3d0f0a14a592fcc47f3696e05,False,False,False,0,0,0,0,0,0,False,False,False
01309.4da3e5f7445fe71bdb9a145b3c704cc3,False,False,False,0,0,0,0,0,0,False,False,False
01310.39e7167813c411d9163ceedcba3b3702,False,True,True,0,0,0,1,0,2,False,True,True
01312.c19bb76293853f6c10871018cebbe8ca,False,False,True,0,0,0,0,1,0,False,False,True
01313.7deec268aedb7c5618e27bd73a803a60,False,False,False,0,0,0,0,0,0,False,False,False
01314.12c8b5b91bc690f0f0d6fad595150ac6,False,False,True,0,0,0,0,0,6,False,False,True
01316.80287bffff0da77d7b22a538aefdbd01,False,False,False,0,0,0,0,0,0,False,False,False
01317.2fb1c15091162a0a83cb7020e45e8de6,False,False,False,0,0,0,0,0,0,False,False,False
01321.f32dcf9a564da7e27f9fcad664cb0fe1,False,True,True,0,0,0,1,0,3,False,True,True
01323.043a9a503f711ebb76897fa1c352d7cd,False,False,False,0,0,0,0,0,0,False,False,False
01325.cf45b154c74e16a83def9f17383b5756,False,False,False,0,0,0,0,0,0,False,False,False
01327.7d7cb2b319318af27a2981701843f358,False,False,True,0,0,0,0,1,0,False,False,True
01331.e35989787f99e9f234da42636eb43f22,False,False,False,0,0,0,0,0,0,False,False,False
01332.f794e2c48ef6535153adde00b521ef6d,False,False,True,0,0,0,0,1,0,False,False,True
01333.1e5a572d1c326c109f613a9d2137acc8,False,True,True,0,0,0,5,0,15,False,True,True
01334.24b7f4702e0da7e9d7a5f4d284adfc96,False,False,False,0,0,0,0,0,0,False,False,False
01336.cce700d418ddce6f5081cdcda625074f,False,False,False,0,0,0,0,0,0,False,False,False
01337.e490c19d9987a1532dd2e8f1a2e76fdc,False,False,True,0,0,0,0,0,4,False,False,True
01338.a67c3827402b4610bd2a6814cd8cd907,False,False,True,0,0,0,0,1,0,False,False,True
01343.97e31a95126f0c6dc249a8e51489af10,False,False,False,0,0,0,0,0,0,False,False,False
01346.fb942e99ad6211fe374675bc9ac639d5,False,False,False,0,0,0,0,0,0,False,False,False
01350.31d85a79d8c3b80069316daf56176820,False,False,False,0,0,0,0,0,0,False,False,False
01351.e960056da1502c90d40d598cdf37f359,False,False,True,0,0,0,0,1,0,False,False,True
01353.369f79f8f31f3b18bdb5d1006207b52e,False,False,False,0,0,0,0,0,0,False,False,False
01354.942feb599d3e244a238c28c9028d97fa,False,False,False,0,0,0,0,0,0,False,False,False
01356.8d996c0bc08a47a90611de2e8a829048,False,True,True,0,0,0,1,0,16,False,True,True
01357.531b966b657f95f04a9037ea7100aa9f,False,False,False,0,0,0,0,0,0,False,False,False
01359.deafa1d42658c6624c6809a446b7f369,False,True,True,0,0,0,3,0,9,False,True,True
01360.5bf908ff3e674f31061afcb8a6c17a8d,False,False,False,0,0,0,0,0,0,False,False,False
01361.1b094e93a9a83d77859dcbf6637455d1,False,True,True,0,0,0,2,0,4,False,True,True
01362.794d3043053407d8e0c075a9a71902bd,False,True,True,0,0,0,3,0,5,False,True,True
01363.85518bca7c7cb9f35e57f3adda762ac9,False,True,True,0,0,0,2,0,2,False,True,True
01364.b89de202e8d843d54ab7988af8599571,False,False,True,0,0,0,0,1,0,False,False,True
01366.35ed342f7df33799c8ba619098b174c6,False,False,False,0,0,0,0,0,0,False,False,False
01367.d681bf8f9823da056b82da169d2d1715,False,True,True,0,0,2,0,2,0,False,True,True
01368.0fcb4c25d287618ec7cdf84822d3d405,False,False,False,0,0,0,0,0,0,False,False,False
01371.fd75cda79a01e9b7d11af36936463c0d,False,False,False,0,0,0,0,0,0,False,False,False
01373.c8c124454ee4d1b775ef7a436cede7c1,False,False,False,0,0,0,0,0,0,False,False,False
01374.b902d53d7f737be700d6de60a42122d9,False,False,True,0,0,0,0,0,4,False,False,True
01375.b1a9c15e903adbc27bd2b5c033e1d29c,False,False,False,0,0,0,0,0,0,False,False,False
01377.17adb34fc692245ce301d3db0a3e80c8,False,True,True,0,0,0,1,1,14,False,True,True
01381.7f1f9f4b8ea24fee6b87dc1172177eaf,False,True,True,0,0,2,0,2,0,False,True,True
01383.a4e83a74006864de20f76d0193908a56,False,False,False,0,0,0,0,0,0,False,False,False
01384.e23f94030a4393f0825eacd9de99eb31,False,False,True,0,0,0,0,1,0,False,False,True
01385.af7a1a172a6cd00ad09dc6adecb14cee,False,False,False,0,0,0,0,0,0,False,False,False
01386.9398d616dfc3d67fb10e95d911768b39,False,False,False,0,0,0,0,0,0,False,False,False
01387.84a80f5699b026b15455e803a471b88e,False,True,True,0,0,0,3,0,6,False,True,True
01388.dba0966da5886e99fab13981da6c3834,False,True,True,0,0,0,2,0,28,False,True,True
01390.271af498812d2f73c8c198fd4fda905e,False,False,True,0,0,0,0,1,0,False,False,True
01391.d84700fa88ef00525b05a2d9c64fa654,False,False,False,0,0,0,0,0,0,False,False,False
01392.891b7eeda19704fc8a990e56e0b52f89,False,False,False,0,0,0,0,0,0,False,False,False
01393.e7d7a58f2c561c6f71fe95c64a7f5f35,False,True,True,0,0,1,0,1,0,False,True,True
01394.a76cc347fac514441bef43e7a599fb55,False,False,False,0,0,0,0,0,0,False,False,False
01396.e80a10644810bc2ae3c1b58c5fd38dfa,False,False,False,0,0,0,0,0,0,False,False,False
