message_id;baseline_bayes;salted_best_bayes;n_variants;salted_any_bayes;salted_all_bayes
00003.2ee33bc6eacdb11f38d052c44819ba6c;BAYES_999;BAYES_999;4;True;True
00004.eac8de8d759b7e74154f142194282724;BAYES_999;BAYES_999;4;True;True
00009.1e1a8cb4b57532ab38aa23287523659d;BAYES_999;BAYES_999;4;True;True
00024.6b5437b14d403176c3f046c871b5b52f;BAYES_999;BAYES_999;4;True;True
00040.949a3d300eadb91d8745f1c1dab51133;BAYES_99;BAYES_95;4;True;True
00041.f1b3402799046db3c1f143a911dc085d;BAYES_999;BAYES_999;4;True;True
00054.62863160db27f89df8c73275b6dae134;BAYES_999;BAYES_999;4;True;True
00058.64bb1902c4e561fb3e521a6dbf8625be;BAYES_999;BAYES_999;4;True;True
00064.65b95365450ebe5eef61e7f1c60edc5e;BAYES_999;BAYES_999;4;True;True
00067.ec108870b01dc3ccb8fabc5def869ca5;BAYES_999;BAYES_999;4;True;True
00090.52630c4c07cd069c7bc7658c1a7a7253;BAYES_999;BAYES_999;4;True;True
00105.d8f25617befc5289aa4ed9602457050b;BAYES_999;BAYES_999;4;True;True
00115.c97af50ef7ccd816f95bbdc6f4d226b2;BAYES_999;BAYES_999;4;True;True
00120.58579af867ff9a702cff23e7b8818a59;BAYES_999;BAYES_999;4;True;True
00127.3500d109361b544b0937523adb763588;BAYES_999;BAYES_999;4;True;True
00128.721b6b20d5834d490662e2ae8c5c0684;BAYES_999;BAYES_999;4;True;True
00153.6a5ffe584834ea334041ab958cadcadb;BAYES_999;BAYES_999;4;True;True
00154.b6c448ccff434e2dbe2c7c200a36aa31;BAYES_999;BAYES_999;4;True;True
00159.6b641c70d79fd5a69b84a94b4e88150a;BAYES_999;BAYES_999;4;True;True
00160.cec5f611ae665ff0add6c4928d47f2be;BAYES_999;BAYES_999;4;True;True
00163.2ceade6f8b0c1c342f5f95d57ac551f5;BAYES_999;BAYES_999;4;True;True
00173.e10eb62e2c7808674c43d6a5e9e08a1c;BAYES_999;BAYES_999;4;True;True
00179.ef2f7cf60806a96b59f4477b025580ee;BAYES_50;BAYES_50;4;True;True
00182.1b9ba0f95506a6f2bf256f40fad0687d;BAYES_999;BAYES_999;4;True;True
00185.8ca19012fa3f2a906f23c3b41f11ffed;BAYES_95;BAYES_95;4;True;True
00186.a66b4fc4ab114c9cb37e1a31d1ea1aeb;BAYES_999;BAYES_999;4;True;True
00187.efd97ab2034b3384606e21db00014ecb;BAYES_999;BAYES_999;4;True;True
00190.ee2ea200e7efa602221c6492f9d9d8c0;BAYES_999;BAYES_999;4;True;True
00191.9ff80a41f015b7a6c409732e41c0df07;BAYES_999;BAYES_999;4;True;True
00194.767c323b4ae7a4909397e42cbd0c56a4;BAYES_50;BAYES_50;4;True;True
00196.dd21040c7757d477c967ae71b537810e;BAYES_999;BAYES_999;4;True;True
00198.150ad975a44e356b479b88d8b57edc40;BAYES_999;BAYES_999;4;True;True
00207.0b71ac81a360455c1514f5872564b1e1;BAYES_999;BAYES_999;4;True;True
00209.5276f967533f2ce0209c1eff631a86ff;BAYES_999;BAYES_999;4;True;True
00211.4a52fb081c7087c4a82402342751e755;BAYES_999;BAYES_999;4;True;True
00214.1367039e50dc6b7adb0f2aa8aba83216;BAYES_999;BAYES_999;4;True;True
00217.43b4ef3d9c56cf42be9c37b546a19e78;BAYES_999;BAYES_999;4;True;True
00224.0654fe0af51e1dcefa0eb66eb932f55f;BAYES_50;BAYES_50;4;True;True
00228.cf58326ab05a757c7e759acc8d6b360d;BAYES_999;BAYES_999;4;True;True
00231.8c72952de376293bc38d30834c0bb580;BAYES_999;BAYES_999;4;True;True
00233.3c32285387ebc0675adb029b9e20e581;BAYES_999;BAYES_999;4;True;True
00236.a46588c69d43e80c618038b95eff2893;BAYES_999;BAYES_999;4;True;True
00248.b243bca51ee69d6e428ca2f45f0fe41b;BAYES_999;BAYES_999;4;True;True
00249.5f45607c1bffe89f60ba1ec9f878039a;BAYES_999;BAYES_999;4;True;True
00251.6b4b7e79e1706156839a00817d774e37;BAYES_999;BAYES_999;4;True;True
00261.12b64e557e52daf5fc5a52e47df2f4e3;BAYES_999;BAYES_999;4;True;True
00263.32b258c4cc08d235b2ca36fc16074f08;BAYES_999;BAYES_999;4;True;True
00264.02b614f34aa0d5970959123b9386b285;BAYES_999;BAYES_999;4;True;True
00279.1d58a13e343c1e53aca2ed2121a3f815;BAYES_999;BAYES_999;4;True;True
00280.026da2bd191f11081b8d8428134b0c66;BAYES_999;BAYES_999;4;True;True
00284.227c1ebb961320cd2086d904d698c49b;BAYES_999;BAYES_999;4;True;True
00287.b0495a4dbdff36654c3b3ee2f92bdbf3;BAYES_999;BAYES_999;4;True;True
00291.7aa227e74e89bdd529a3875459d0d5a2;BAYES_999;BAYES_999;4;True;True
00292.dbf78a2aaa230d288eb80ab843804252;BAYES_999;BAYES_999;4;True;True
00296.85aa16f800e0aaf8755cdf23d7e035ff;BAYES_999;BAYES_999;4;True;True
00302.7f695c69d4cbe06e91cddd2ca7cddf33;BAYES_999;BAYES_999;4;True;True
00303.22239f1393297a691eb5df3dfe7a5001;BAYES_999;BAYES_999;4;True;True
00305.1f2a712e25638b0a4868155b37022cf1;BAYES_999;BAYES_999;4;True;True
00308.fc90f8aab51648329b9e705c9021b204;BAYES_999;BAYES_999;4;True;True
00312.5034fee7d265abd7a4194e9300de24bf;BAYES_999;BAYES_999;4;True;True
00344.17882edad13c2c761e6d8d99eef5a346;BAYES_999;BAYES_999;4;True;True
00344.e6463530b23a12554d2e6f0e08ae10a7;BAYES_999;BAYES_999;4;True;True
00345.613b3c2aeac033eebb379c91b8ce9fba;BAYES_999;BAYES_999;4;True;True
00346.d93a823fb3350a5da8f0c612ce1156cd;BAYES_50;BAYES_50;4;True;True
00354.dca4b8984863a76ffd01a33888498288;BAYES_999;BAYES_999;4;True;True
00356.ea7eb32330fa6bf65270023c0d99e2c5;BAYES_999;BAYES_999;4;True;True
00359.90bec90ebeaf05f024f48594e7d7b0d5;BAYES_999;BAYES_999;4;True;True
00361.e91ac048b0ede961d3f51009eee1c620;BAYES_999;BAYES_999;4;True;True
00369.845eeb9573484bd88a6a6224c7068d81;BAYES_999;BAYES_999;4;True;True
00373.ebe8670ac56b04125c25100a36ab0510;BAYES_999;BAYES_999;4;True;True
00384.2054d62f06fd10e4018a43e156b32acf;BAYES_999;BAYES_999;4;True;True
00386.6074f269f0bd1aec1546f9e654e8fcfe;BAYES_999;BAYES_999;4;True;True
00388.a884c42d4423d7e4718db0145b3b9d9b;BAYES_80;BAYES_80;4;True;True
00395.74aee42fac915ca758047506ec59a21f;BAYES_999;BAYES_999;4;True;True
00409.e59f63e813b6766a9a4ddf0790634ca3;BAYES_999;BAYES_999;4;True;True
00415.4af357c0282481dba8f1765f0bf09c09;BAYES_999;BAYES_999;4;True;True
00416.bff1badad869f205fdb54f311f060734;BAYES_999;BAYES_999;4;True;True
00426.36b36cbe96efe9001c4d80363ea7ed4e;BAYES_999;BAYES_999;4;True;True
00426.c743511223777504c01a35f90914b230;BAYES_999;BAYES_999;4;True;True
00428.5fe2c974b49315a6fbf9f3b09b47f030;BAYES_999;BAYES_999;4;True;True
00439.eacffbae5543e6be58178c0d3eb95041;BAYES_999;BAYES_999;4;True;True
00440.647d9eb44fd0cb069ea92be204966a8e;BAYES_999;BAYES_999;4;True;True
00441.77768298934252b2fa200e7d9482993b;BAYES_999;BAYES_999;4;True;True
00445.a5edbd936b830407d1a56b31ff3b82c0;BAYES_999;BAYES_999;4;True;True
00447.32e588c3a1d8888d737f360f825713b8;BAYES_999;BAYES_999;4;True;True
00455.8ccdcb205b6f8c3958bb3b2d39edca46;BAYES_999;BAYES_999;4;True;True
00458.62211764fde0dd7128ea4146268b40dd;BAYES_999;BAYES_999;4;True;True
00467.3748c927c32a9c4e8988dad52a843b5c;BAYES_999;BAYES_999;4;True;True
00475.71f75afb1960d619af86e1c64dcb11fc;BAYES_999;BAYES_999;4;True;True
00482.f839ea522f1ee459661a6b2fbd71e823;BAYES_999;BAYES_999;4;True;True
00483.e583ffb0efd3958cdef2e9f3b043ef0d;BAYES_999;BAYES_999;4;True;True
00485.a5d28b804adbceff7fd75ed9fc8138bb;BAYES_999;BAYES_999;4;True;True
00494.6d13d2217c5cc00c26b72d97c7fe6014;BAYES_999;BAYES_999;4;True;True
00506.85af6cd716febc6265ac7b362a4a1da6;BAYES_999;BAYES_999;4;True;True
00509.385c788f39e46a86be4c6af8679a0c80;BAYES_999;BAYES_999;4;True;True
00510.ce04ead27e498e82285ea6dbb0837c13;BAYES_80;BAYES_80;4;True;True
00523.8dad1340c87f606b1f0696df64d9063c;BAYES_999;BAYES_999;4;True;True
00531.f3fffa4504c7009a03dd0d44a4562a84;BAYES_999;BAYES_999;4;True;True
00554.c325ab7400fb7e3f053ed0cac4ed7545;BAYES_95;BAYES_80;4;True;True
00568.9099cfcce869f4ecf337fc666f04c11d;BAYES_999;BAYES_999;4;True;True
00582.2db3b12f1cbf87ef3a64d26c35561a5b;BAYES_999;BAYES_999;4;True;True
00602.8b839b13833d7ca3abd6f6179ccc0286;BAYES_999;BAYES_999;4;True;True
00615.e47bff6118d4ff6d98581fa6f40ab871;BAYES_999;BAYES_999;4;True;True
00631.5b4f290bc474889ff457b314996553b1;BAYES_999;BAYES_999;4;True;True
00632.f90d0f620d4a4c4976e1c5884333f329;BAYES_999;BAYES_999;4;True;True
00643.d177c04238b4299813b7d8cca9fb2f18;BAYES_999;BAYES_999;4;True;True
00658.2324b3351e766248275bace98fd3c7b3;BAYES_999;BAYES_999;4;True;True
00659.668ba8daca71e86de0ee5e412b177015;BAYES_999;BAYES_999;4;True;True
00663.4baa9521293a04306b038be1f65d4471;BAYES_999;BAYES_999;4;True;True
00667.6bf743b1b5bdfe9340d438c0661e4bff;BAYES_999;BAYES_999;4;True;True
00678.7c54f6e0fac3e7d26a9513d2c60e2b98;BAYES_999;BAYES_999;4;True;True
00680.e8df67f239cb166c5a8a78401eeeb1ba;BAYES_999;BAYES_999;4;True;True
00694.3aca5f2a3d0d2ccbc47ef868eb051abd;BAYES_999;BAYES_999;4;True;True
00697.2d221d167d2814a6a6bc7a74b65bcb0e;BAYES_999;BAYES_999;4;True;True
00701.ea27d8eea96c7d361ea78613d0a3c481;BAYES_999;BAYES_999;4;True;True
00705.df125edb37f19c87784942c7b2b164a1;BAYES_80;BAYES_80;4;True;True
00706.5116018237368c3633823b2d24f8ac86;BAYES_999;BAYES_999;4;True;True
00718.2495a50c4eab3755f338b5fe589dd52d;BAYES_999;BAYES_999;4;True;True
00738.10deb784a63c0bdc5e78b019720f3e9f;BAYES_999;BAYES_999;4;True;True
00740.ce4777381c2bc6bee30bef6bd274233f;BAYES_999;BAYES_999;4;True;True
00757.c2da75286819a139e27438ca5c5ba762;BAYES_95;BAYES_95;4;True;True
00762.e31568dff471c947d42869ae2f8f0779;BAYES_999;BAYES_999;4;True;True
00795.61fe820f7755e4b4e66e715ea667b338;BAYES_999;BAYES_999;4;True;True
00796.1f29c490fd2bd8581d19e3e193978a3d;BAYES_999;BAYES_999;4;True;True
00807.8abdd26ba778758f5e46b84a54ac62f4;BAYES_999;BAYES_999;4;True;True
00810.bceaa748f9cee012c466212d8a608acf;BAYES_80;BAYES_60;4;True;True
00830.079ed7d24f78024e023b82417a6fe2ca;BAYES_999;BAYES_999;4;True;True
00861.e8b94fc9514d2d2cbb541b01e2dda726;BAYES_999;BAYES_999;4;True;True
00891.730d12d96dcfa7812a51d12d9a3b6a1c;BAYES_80;BAYES_60;4;True;True
00925.6ba2770acb214c661a26e54b4d03c119;BAYES_999;BAYES_999;4;True;True
00939.8d335bc76836e51b449de9f6b38aa0f8;BAYES_999;BAYES_999;4;True;True
00940.33bee147237876bc1f28b1bf21b586a0;BAYES_999;BAYES_999;4;True;True
00947.e4d80402e902f1ea42cfc539bb279afd;BAYES_999;BAYES_999;4;True;True
00956.bd15831ffe9661a5395b8ec491a4fed2;BAYES_999;BAYES_999;4;True;True
00962.452e4bd0724bf1139c9bc4eb9ec0fe43;BAYES_999;BAYES_999;4;True;True
00973.ca8a425093e9994271e922f4d60f775c;BAYES_999;BAYES_999;4;True;True
01008.5e932696d8f33950af53eb9461a014a2;BAYES_999;BAYES_999;4;True;True
01011.d4812088cad8553fb214dab8003add9b;BAYES_999;BAYES_999;4;True;True
01014.98c1d0a70f88efb979d9ca65e945363e;BAYES_999;BAYES_999;4;True;True
01016.ac6ce255291deba2f46cdd8ddba3ea01;BAYES_999;BAYES_999;4;True;True
01036.87c1f0b55cb48bd36c8863cf700cd485;BAYES_999;BAYES_999;4;True;True
01075.07ee7f1ab5ad6659c47baa5ef3691a80;BAYES_999;BAYES_999;4;True;True
01079.9eb95fd88f3d9d551f8c64359470ae7e;BAYES_999;BAYES_999;4;True;True
01082.9f69cd26a420837850841e71d6147a57;BAYES_999;BAYES_999;4;True;True
01104.ec267abf01fe81c42dc90dfd16c930bc;BAYES_999;BAYES_999;4;True;True
01105.2582a4afba9b0b06bed5d48e3e8b29df;BAYES_999;BAYES_999;4;True;True
01130.f286229e3c2eeb5c682204de85d903c0;BAYES_999;BAYES_999;4;True;True
01131.c9bb07673bf9f048916cd2b9b1813724;BAYES_999;BAYES_999;4;True;True
01132.3d0e60ced92087634f1433f12810096d;BAYES_999;BAYES_999;4;True;True
01145.a34477ade6db9376e4f8ccbfa8607881;BAYES_999;BAYES_999;4;True;True
01151.e295c81d698d58f43f17bde22076cbef;BAYES_999;BAYES_999;4;True;True
01158.5acbdb7eb695f96c08d960a56058481d;BAYES_999;BAYES_999;4;True;True
01161.174f2cb358ca3f08f4308f87ca64842f;BAYES_999;BAYES_999;4;True;True
01165.8c661bf07a1a7a5fe8a9efc2439d17a1;BAYES_999;BAYES_999;4;True;True
01167.2ac57a0189fa2b8713202b84e587b707;BAYES_999;BAYES_999;4;True;True
01169.4e5cf6c3e8863047dbba1bfca2ebab97;BAYES_999;BAYES_999;4;True;True
01182.209dbb3bedae1ecd5ed23fb03049244e;BAYES_999;BAYES_999;4;True;True
01184.5216074bef5bb01e0b1301d375283c51;BAYES_999;BAYES_999;4;True;True
01203.f4c9144a594fb81ff323053fbd626a55;BAYES_999;BAYES_999;4;True;True
01216.e293653cab0c486ba135cf8fbe6700fc;BAYES_999;BAYES_999;4;True;True
01230.0589bade8df0c343a49c6712f62dfca0;BAYES_999;BAYES_999;4;True;True
01236.903d52340bf3ed1a328b039bcd94e1c9;BAYES_999;BAYES_999;4;True;True
01240.7d6ae3682a3dd3fe457516b188eb105c;BAYES_999;BAYES_999;4;True;True
01242.3743099b115c6a8a273d8eca34a9c738;BAYES_80;BAYES_80;4;True;True
01250.2bfc033f9ced1c70e480ec75b0094431;BAYES_999;BAYES_999;4;True;True
01253.26e421b9623002d636c29f79f68a58fb;BAYES_999;BAYES_999;4;True;True
01255.e04eae4539f81463a930dfe44ebd6af8;BAYES_999;BAYES_999;4;True;True
01257.f5908ef0550cdf91bd6ae55120ecb5ce;BAYES_999;BAYES_999;4;True;True
01259.b4dff1ed93bc931b271888cd42e41b85;BAYES_999;BAYES_999;4;True;True
01267.6e9de9ba20f59c26028ebdb4550685fb;BAYES_999;BAYES_999;4;True;True
01280.34dde162b3c6b2e873fc9f094d28b0fd;BAYES_999;BAYES_999;4;True;True
01308.c46f1215ccd8cedf162e0cf308b94dcd;BAYES_999;BAYES_999;4;True;True
01311.43bfe86df65d53c5f7ca2365dc12582b;BAYES_999;BAYES_999;4;True;True
01335.ca70ab7f2d1accef8b3cf646e3004ef8;BAYES_999;BAYES_999;4;True;True
01339.d94a16532a6f42497266dcc327a40163;BAYES_999;BAYES_999;4;True;True
01342.7f89acf56fb4398340a0b07481e3193f;BAYES_999;BAYES_999;4;True;True
01355.a47c042a6e16456c5b49c18d5b3868cb;BAYES_999;BAYES_999;4;True;True
01363.85518bca7c7cb9f35e57f3adda762ac9;BAYES_999;BAYES_999;4;True;True
01372.5d236077d94148a0ca71751f8f0a2e58;BAYES_999;BAYES_999;4;True;True
01374.b902d53d7f737be700d6de60a42122d9;BAYES_50;BAYES_50;4;True;True
01384.e23f94030a4393f0825eacd9de99eb31;BAYES_999;BAYES_999;4;True;True
01388.dba0966da5886e99fab13981da6c3834;BAYES_999;BAYES_999;4;True;True
01395.cb33d1d72f42e4ab9268729917bf428b;BAYES_999;BAYES_999;4;True;True
